LÄN;år;RÅDJUR;SKOGSHARE;BÄVER;RÄV;GRÄVLING;MÅRD;MINK;KRICKA;MORKULLA höst;TJÄDER;ORRE;JÄRPE;NÖTSKRIKA;GRÄSAND
17;1995;7800;3500;900;2000;900;300;700;70;200;800;1200;40;1000;800
17;1996;12005;2896;887;2546;1253;300;585;12;75;744;1191;48;1203;554
17;1997;9561;2847;830;2776;1501;202;512;3;65;679;935;41;840;466
17;1998;9654;2768;748;2810;1179;154;657;32;60;1079;1574;70;1002;648
17;1999;7393;2740;862;2634;1305;181;653;8;0;1113;1637;49;1569;1087
17;2000;6553;2443;601;2143;1051;125;530;76;0;902;1025;32;1150;425
17;2001;4968;2293;770;2094;1297;153;517;3;68;854;1088;58;1177;815
17;2002;4644;1784;666;2585;1022;221;418;188;64;820;1146;67;1137;1809
17;2003;5332;2142;558;3081;865;225;531;7;53;546;1168;71;1668;772
17;2004;4540;2630;489;2756;914;155;399;50;24;486;737;20;2051;481
17;2005;4622;1896;591;2972;1564;253;485;18;53;353;682;23;1596;1132
17;2006;3314;1919;784;2395;866;260;487;2;44;684;1015;82;1622;587
17;2007;4501;2036;915;2868;2643;508;484;0;5;1136;1604;118;2056;489
17;2008;2867;1689;686;2378;1743;469;500;0;4;1142;1592;95;1285;493
17;2009;2837;1242;899;2328;1422;428;199;22;108;832;1318;103;2153;1242
17;2010;2617;977;863;3528;1166;491;219;0;120;939;1716;90;1658;561
18;1995;5600;1300;500;1000;600;200;0;5;50;300;800;20;700;600
18;1996;7226;894;340;1308;999;242;149;518;47;301;524;8;728;2602
18;1997;4872;910;201;1804;1361;159;220;340;26;288;497;5;920;1711
18;1998;5614;1108;278;2057;1259;157;142;318;42;469;485;27;1006;1760
18;1999;4968;823;311;3195;1188;124;388;98;0;252;436;26;842;10199
18;2000;4989;726;348;1506;953;119;96;0;0;286;817;5;1057;149
18;2001;2082;1367;418;311;35;94;23;0;0;264;990;22;476;1217
18;2002;5383;792;253;1668;827;136;153;0;20;282;586;4;806;659
18;2003;4078;903;138;1753;966;112;88;0;74;122;212;11;253;1224
18;2004;4034;996;195;1861;967;236;349;15;0;149;292;0;470;691
18;2005;3964;456;212;2213;879;296;192;107;0;201;531;0;522;761
18;2006;2201;502;249;1433;423;172;155;0;18;334;633;8;154;279
18;2007;2691;593;267;1591;584;149;150;0;44;88;210;10;437;360
18;2008;4002;382;320;2236;748;107;119;13;0;393;679;1;313;482
18;2009;2436;352;267;1777;555;100;26;2;3;232;337;0;1486;281
18;2010;1777;178;338;2265;727;200;86;43;3;177;397;0;525;892
19;1995;9100;800;4;1500;800;130;400;20;80;80;90;10;500;900
19;1996;7661;626;19;1680;669;125;201;15;54;95;285;21;365;677
19;1997;6258;457;12;1895;734;90;211;16;83;92;190;13;507;828
19;1998;6368;499;19;2148;774;56;279;28;18;97;192;38;498;962
19;1999;5736;439;41;2194;744;66;347;7;0;123;139;21;765;1133
19;2000;5166;256;62;1544;578;51;291;33;0;124;181;35;553;1421
19;2001;4647;264;36;1485;530;49;178;36;4;72;70;8;415;1017
19;2002;4691;318;45;1725;507;83;302;7;0;116;183;23;396;735
19;2003;4184;299;58;1768;568;83;212;25;0;56;180;4;436;1338
19;2004;4174;371;61;1667;471;80;104;0;2;61;77;6;410;1774
19;2005;3440;295;86;1876;744;64;93;66;18;72;111;0;584;1686
19;2006;2354;411;123;1651;496;66;146;32;6;117;134;4;343;1840
19;2007;2570;231;100;1524;744;79;142;32;0;105;150;0;294;774
19;2008;2324;228;108;1659;689;57;177;94;0;85;143;0;260;1052
19;2009;1582;138;132;919;483;39;51;9;95;101;158;14;482;697
19;2010;1703;80;306;1674;497;103;134;0;5;81;79;0;559;288
20;1995;8700;3500;800;3600;1200;500;1000;50;100;1700;1500;200;2200;1100
20;1996;6850;3714;606;2668;1076;463;752;34;36;2264;2647;158;1491;727
20;1997;5340;3867;409;2169;857;320;577;25;12;3056;3016;229;1768;577
20;1998;5290;4211;465;2966;895;260;546;23;141;3619;3401;349;1488;680
20;1999;4142;3566;402;3015;835;260;665;16;0;3679;3518;293;1352;542
20;2000;4085;3661;541;2560;610;323;716;13;0;3858;3403;318;1446;605
20;2001;4079;3396;642;3070;865;315;506;57;43;3140;3164;331;953;448
20;2002;3525;2944;556;3368;721;478;561;36;33;2972;2979;254;1006;548
20;2003;3255;3825;655;3624;832;359;684;66;33;2438;2793;188;1192;583
20;2004;3173;3848;770;2506;611;468;568;23;9;1585;1953;75;1291;685
20;2005;2986;2506;816;3265;1029;638;556;95;144;1468;1502;143;1247;1111
20;2006;2214;2837;576;2452;774;511;504;7;17;1907;2149;77;1483;530
20;2007;3421;2917;602;3753;1387;433;935;57;35;3690;4538;473;1951;1555
20;2008;3224;2381;658;3416;1311;614;627;64;85;3827;3951;268;2128;472
20;2009;2626;2072;623;3040;1007;747;501;17;87;3629;3958;423;2948;400
20;2010;2173;1903;724;3779;1096;775;426;14;41;3948;4253;279;1828;405
21;1995;7500;4000;140;2300;1300;600;1600;50;80;1600;1900;600;2100;1400
21;1996;6216;3153;150;1987;1169;533;1115;28;137;1712;2102;643;1926;914
21;1997;4562;3560;161;1898;1119;381;1149;39;192;2179;2380;678;1793;1194
21;1998;4035;3723;190;2016;985;330;1052;85;154;2272;2726;725;1616;795
21;1999;2760;3135;177;1874;762;322;1075;86;0;2319;2229;610;1529;990
21;2000;2827;2693;134;1739;618;286;816;67;0;1959;2406;606;1569;1204
21;2001;2185;2792;195;2174;807;314;1058;63;53;1428;1920;448;1187;1027
21;2002;2455;3021;292;2661;847;346;856;61;24;1633;2080;557;1432;1102
21;2003;2296;2607;226;2405;814;284;944;64;45;1250;1828;436;1464;664
21;2004;2050;2854;230;2132;637;264;790;56;58;1108;1374;220;975;797
21;2005;1845;2560;271;2526;875;366;861;27;24;1000;1315;193;832;631
21;2006;1933;2366;303;1834;683;348;814;5;34;1356;1552;163;1080;564
21;2007;1720;2420;316;1968;1004;259;961;4;49;2524;3664;451;848;537
21;2008;2555;1572;281;2210;556;293;719;2;21;1406;1641;214;1058;249
21;2009;2072;1231;305;1905;753;297;721;26;8;1322;1991;249;1349;519
21;2010;1759;1115;362;2788;825;195;721;31;39;1439;1973;420;1712;465
22;1995;1200;4800;1200;1000;600;600;600;50;300;1900;2000;1000;300;400
22;1996;393;2790;1091;839;314;487;306;17;93;1261;1956;1361;1120;267
22;1997;418;2740;777;991;986;531;294;27;8;1906;2259;1196;250;433
22;1998;229;3422;902;1021;460;414;387;128;46;2070;3264;1372;796;369
22;1999;303;3780;1110;1082;649;378;319;8;0;1677;2243;1103;880;446
22;2000;434;3606;1331;1344;728;376;483;7;0;1816;2702;1048;771;397
22;2001;438;2978;1310;1751;1099;279;360;6;23;1583;2142;764;883;269
22;2002;624;2809;1704;2120;822;596;427;11;80;1478;2489;1063;1571;314
22;2003;660;2401;1424;1731;727;336;277;0;21;1465;2633;1102;1170;193
22;2004;1024;3736;1634;3113;1153;630;579;25;33;2044;2481;1010;1337;351
22;2005;1000;3897;1940;2698;1086;485;251;3;21;1220;1982;847;1130;360
22;2006;684;2025;1248;1510;764;246;359;3;24;1002;1510;219;1046;145
22;2007;1267;2693;1876;2300;1284;267;791;43;27;2062;4224;1210;2749;606
22;2008;2661;3616;2926;2656;1239;512;536;30;6;2443;4358;803;1472;274
22;2009;1656;2445;1538;1541;938;569;286;15;19;1383;2792;707;2036;233
22;2010;1772;2319;1709;2155;1211;394;153;5;14;1663;2391;1103;1695;249
23;1995;1099;6800;1500;1600;600;1300;1200;20;200;3500;3500;1300;600;300
23;1996;628;5321;1501;1600;457;1418;920;0;0;3179;2571;1318;528;232
23;1997;269;4519;646;856;504;1023;615;17;0;3112;3953;698;430;312
23;1998;464;6295;1209;1259;361;755;667;77;62;4709;4439;2115;1158;262
23;1999;363;5460;1090;1554;378;793;669;43;0;3794;3436;1106;1014;186
23;2000;472;5069;1027;1417;517;684;808;4;0;3918;3697;801;1159;211
23;2001;451;5115;1095;1839;494;655;713;43;99;3271;3284;861;672;246
23;2002;886;4413;1547;2522;510;713;788;0;21;3986;3967;778;1174;434
23;2003;828;3461;1750;1833;720;725;704;0;58;3716;3618;736;1122;314
23;2004;800;3998;1185;1896;342;596;569;0;86;3980;4075;649;565;70
23;2005;1282;4509;1479;3274;678;752;863;29;71;3022;3892;644;572;191
23;2006;1133;3426;1406;1881;502;624;532;35;154;3136;3351;139;2561;243
23;2007;2182;4041;1380;1846;667;502;535;14;37;6332;7099;1255;1523;76
23;2008;1483;4300;1489;2273;641;1294;862;17;31;4046;5125;1247;1901;187
23;2009;1097;3822;1492;1779;919;1092;408;19;77;3550;5108;1038;2804;202
23;2010;1657;4237;1451;3454;952;931;645;69;239;4679;7024;2250;2954;390
24;1995;600;12200;500;4000;300;700;900;900;20;7800;8800;4600;1300;3600
24;1996;568;8202;394;2868;191;900;1138;810;67;3449;6552;2261;1234;3647
24;1997;157;6957;0;2500;376;707;1040;569;153;3611;4458;2098;2457;1909
24;1998;675;8455;449;4233;256;1008;1136;840;114;4979;7914;3951;1778;2852
24;1999;462;8827;445;3776;564;940;1819;1840;0;4106;6395;3276;1845;6752
24;2000;564;7707;698;3469;648;856;1054;759;0;5719;7016;3518;1695;2455
24;2001;284;5217;398;2613;278;592;660;551;111;3512;4864;1947;1302;1862
24;2002;590;5721;563;3600;340;814;663;864;167;6363;7958;2943;2267;2050
24;2003;573;5503;489;3544;586;942;1110;842;90;6888;7855;2423;2583;1812
24;2004;639;6641;532;4112;653;623;754;801;116;5528;8986;2682;2559;2290
24;2005;538;5828;628;3437;514;464;740;556;59;3411;5307;1436;1257;1301
24;2006;1160;5516;641;3086;513;609;686;610;125;4808;7523;856;3820;1654
24;2007;1407;6164;582;3179;638;551;551;513;180;9582;13960;1105;2310;1481
24;2008;1232;6146;726;3262;434;964;689;802;183;4763;10194;2800;3068;1897
24;2009;1315;4961;857;3349;892;901;661;892;131;4482;9302;1945;4671;1777
24;2010;1386;5165;899;4595;801;760;591;714;246;6088;9879;3690;3603;1695
25;1995;200;12500;5;3700;60;1500;3600;1200;300;11700;7900;7900;1000;5300
25;1996;160;8160;0;2520;53;616;1824;641;146;3588;4469;4238;1131;3341
25;1997;167;7875;0;2360;75;483;1644;865;0;3384;3673;4047;1008;3154
25;1998;250;9346;0;3925;72;566;2270;1193;365;4018;5236;5303;1628;4895
25;1999;212;12066;0;3890;99;537;1904;1394;0;5432;6185;5817;1919;5449
25;2000;152;8372;0;3224;65;544;1974;1088;0;4935;6191;6151;1609;4457
25;2001;181;6451;53;3248;93;561;1944;969;223;5285;5894;6206;1412;4075
25;2002;144;5051;129;2878;75;540;1549;1032;279;5146;5318;4852;1727;3159
25;2003;204;5159;101;2624;154;507;1455;759;235;4764;4834;4261;1904;2760
25;2004;285;6357;155;3457;184;617;1481;799;285;5044;5662;4731;1697;2998
25;2005;404;5946;164;3171;355;768;1376;988;359;5132;4730;3987;1627;3574
25;2006;966;6567;166;3621;312;791;1815;844;431;6798;7846;5416;1878;3382
25;2007;329;6504;83;3063;188;861;1358;635;104;7714;7631;4471;810;2217
25;2008;728;7062;493;4172;250;1064;2182;1064;326;6399;8117;6300;2185;3472
25;2009;676;7419;476;4698;461;1397;1766;1125;400;6377;8391;7127;4716;3731
25;2010;483;5372;486;3864;233;1029;1017;453;131;6877;7494;6828;3001;1851