Årtal;Art;Län;Antal
1970;Bäver;AC;
1970;Bäver;BD;
1970;Bäver;S;
1970;Bäver;T;
1970;Bäver;U;
1970;Bäver;W;
1970;Bäver;X;
1970;Bäver;Y;
1970;Bäver;Z;
1970;Gräsand;AC;4700
1970;Gräsand;BD;4000
1970;Gräsand;S;1401
1970;Gräsand;T;4000
1970;Gräsand;U;2880
1970;Gräsand;W;2200
1970;Gräsand;X;2250
1970;Gräsand;Y;1500
1970;Gräsand;Z;636
1970;Grävling;AC;5
1970;Grävling;BD;
1970;Grävling;S;455
1970;Grävling;T;700
1970;Grävling;U;495
1970;Grävling;W;500
1970;Grävling;X;350
1970;Grävling;Y;250
1970;Grävling;Z;66
1970;Järpe;AC;2430
1970;Järpe;BD;6000
1970;Järpe;S;153
1970;Järpe;T;300
1970;Järpe;U;28
1970;Järpe;W;900
1970;Järpe;X;810
1970;Järpe;Y;1300
1970;Järpe;Z;1762
1970;Kricka;AC;1400
1970;Kricka;BD;5000
1970;Kricka;S;22
1970;Kricka;T;350
1970;Kricka;U;
1970;Kricka;W;200
1970;Kricka;X;80
1970;Kricka;Y;500
1970;Kricka;Z;636
1970;Mink;AC;2853
1970;Mink;BD;500
1970;Mink;S;900
1970;Mink;T;1000
1970;Mink;U;510
1970;Mink;W;1400
1970;Mink;X;700
1970;Mink;Y;900
1970;Mink;Z;2084
1970;Morkulla;AC;200
1970;Morkulla;BD;120
1970;Morkulla;S;18
1970;Morkulla;T;300
1970;Morkulla;U;38
1970;Morkulla;W;100
1970;Morkulla;X;30
1970;Morkulla;Y;100
1970;Morkulla;Z;
1970;Mård;AC;1170
1970;Mård;BD;250
1970;Mård;S;31
1970;Mård;T;30
1970;Mård;U;24
1970;Mård;W;400
1970;Mård;X;200
1970;Mård;Y;600
1970;Mård;Z;1068
1970;Nötskrika;AC;1000
1970;Nötskrika;BD;300
1970;Nötskrika;S;1517
1970;Nötskrika;T;1500
1970;Nötskrika;U;618
1970;Nötskrika;W;400
1970;Nötskrika;X;750
1970;Nötskrika;Y;600
1970;Nötskrika;Z;6207
1970;Orre;AC;2695
1970;Orre;BD;2400
1970;Orre;S;742
1970;Orre;T;300
1970;Orre;U;98
1970;Orre;W;2200
1970;Orre;X;750
1970;Orre;Y;500
1970;Orre;Z;1592
1970;Rådjur;AC;25
1970;Rådjur;BD;12
1970;Rådjur;S;2070
1970;Rådjur;T;2500
1970;Rådjur;U;2400
1970;Rådjur;W;2600
1970;Rådjur;X;1500
1970;Rådjur;Y;720
1970;Rådjur;Z;829
1970;Rödräv;AC;5790
1970;Rödräv;BD;4200
1970;Rödräv;S;3274
1970;Rödräv;T;3500
1970;Rödräv;U;3600
1970;Rödräv;W;4000
1970;Rödräv;X;3500
1970;Rödräv;Y;5950
1970;Rödräv;Z;6600
1970;Skogshare;AC;11400
1970;Skogshare;BD;9000
1970;Skogshare;S;5551
1970;Skogshare;T;3500
1970;Skogshare;U;1800
1970;Skogshare;W;10600
1970;Skogshare;X;5100
1970;Skogshare;Y;5520
1970;Skogshare;Z;14180
1970;Tjäder;AC;2170
1970;Tjäder;BD;2800
1970;Tjäder;S;637
1970;Tjäder;T;300
1970;Tjäder;U;107
1970;Tjäder;W;1800
1970;Tjäder;X;700
1970;Tjäder;Y;600
1970;Tjäder;Z;2217
1971;Bäver;AC;
1971;Bäver;BD;
1971;Bäver;S;
1971;Bäver;T;
1971;Bäver;U;
1971;Bäver;W;
1971;Bäver;X;
1971;Bäver;Y;
1971;Bäver;Z;
1971;Gräsand;AC;4631
1971;Gräsand;BD;4000
1971;Gräsand;S;1417
1971;Gräsand;T;4000
1971;Gräsand;U;3000
1971;Gräsand;W;2040
1971;Gräsand;X;2100
1971;Gräsand;Y;1200
1971;Gräsand;Z;333
1971;Grävling;AC;
1971;Grävling;BD;
1971;Grävling;S;394
1971;Grävling;T;700
1971;Grävling;U;600
1971;Grävling;W;230
1971;Grävling;X;300
1971;Grävling;Y;300
1971;Grävling;Z;25
1971;Järpe;AC;1397
1971;Järpe;BD;6460
1971;Järpe;S;122
1971;Järpe;T;300
1971;Järpe;U;180
1971;Järpe;W;900
1971;Järpe;X;625
1971;Järpe;Y;1400
1971;Järpe;Z;366
1971;Kricka;AC;1562
1971;Kricka;BD;5000
1971;Kricka;S;19
1971;Kricka;T;300
1971;Kricka;U;
1971;Kricka;W;300
1971;Kricka;X;110
1971;Kricka;Y;500
1971;Kricka;Z;333
1971;Mink;AC;1336
1971;Mink;BD;600
1971;Mink;S;600
1971;Mink;T;700
1971;Mink;U;550
1971;Mink;W;1500
1971;Mink;X;700
1971;Mink;Y;600
1971;Mink;Z;1521
1971;Morkulla;AC;150
1971;Morkulla;BD;100
1971;Morkulla;S;13
1971;Morkulla;T;
1971;Morkulla;U;
1971;Morkulla;W;100
1971;Morkulla;X;50
1971;Morkulla;Y;100
1971;Morkulla;Z;
1971;Mård;AC;1105
1971;Mård;BD;350
1971;Mård;S;40
1971;Mård;T;30
1971;Mård;U;
1971;Mård;W;370
1971;Mård;X;225
1971;Mård;Y;660
1971;Mård;Z;912
1971;Nötskrika;AC;700
1971;Nötskrika;BD;300
1971;Nötskrika;S;1501
1971;Nötskrika;T;1500
1971;Nötskrika;U;
1971;Nötskrika;W;500
1971;Nötskrika;X;650
1971;Nötskrika;Y;500
1971;Nötskrika;Z;3181
1971;Orre;AC;2607
1971;Orre;BD;3230
1971;Orre;S;691
1971;Orre;T;300
1971;Orre;U;120
1971;Orre;W;1460
1971;Orre;X;580
1971;Orre;Y;680
1971;Orre;Z;720
1971;Rådjur;AC;27
1971;Rådjur;BD;20
1971;Rådjur;S;2299
1971;Rådjur;T;2700
1971;Rådjur;U;2500
1971;Rådjur;W;2590
1971;Rådjur;X;1550
1971;Rådjur;Y;875
1971;Rådjur;Z;497
1971;Rödräv;AC;4994
1971;Rödräv;BD;4000
1971;Rödräv;S;3377
1971;Rödräv;T;3500
1971;Rödräv;U;3000
1971;Rödräv;W;3960
1971;Rödräv;X;2350
1971;Rödräv;Y;5125
1971;Rödräv;Z;3850
1971;Skogshare;AC;5775
1971;Skogshare;BD;5500
1971;Skogshare;S;6403
1971;Skogshare;T;4000
1971;Skogshare;U;2500
1971;Skogshare;W;7810
1971;Skogshare;X;4500
1971;Skogshare;Y;4000
1971;Skogshare;Z;7017
1971;Tjäder;AC;1259
1971;Tjäder;BD;2280
1971;Tjäder;S;447
1971;Tjäder;T;300
1971;Tjäder;U;159
1971;Tjäder;W;940
1971;Tjäder;X;460
1971;Tjäder;Y;590
1971;Tjäder;Z;546
1972;Bäver;AC;
1972;Bäver;BD;
1972;Bäver;S;
1972;Bäver;T;
1972;Bäver;U;
1972;Bäver;W;
1972;Bäver;X;
1972;Bäver;Y;
1972;Bäver;Z;
1972;Gräsand;AC;4169
1972;Gräsand;BD;5000
1972;Gräsand;S;1150
1972;Gräsand;T;4000
1972;Gräsand;U;2000
1972;Gräsand;W;1970
1972;Gräsand;X;2050
1972;Gräsand;Y;1500
1972;Gräsand;Z;400
1972;Grävling;AC;
1972;Grävling;BD;
1972;Grävling;S;630
1972;Grävling;T;800
1972;Grävling;U;358
1972;Grävling;W;350
1972;Grävling;X;425
1972;Grävling;Y;350
1972;Grävling;Z;32
1972;Järpe;AC;2359
1972;Järpe;BD;7000
1972;Järpe;S;160
1972;Järpe;T;200
1972;Järpe;U;118
1972;Järpe;W;340
1972;Järpe;X;825
1972;Järpe;Y;1200
1972;Järpe;Z;760
1972;Kricka;AC;1248
1972;Kricka;BD;6000
1972;Kricka;S;10
1972;Kricka;T;300
1972;Kricka;U;100
1972;Kricka;W;300
1972;Kricka;X;125
1972;Kricka;Y;500
1972;Kricka;Z;400
1972;Mink;AC;874
1972;Mink;BD;500
1972;Mink;S;500
1972;Mink;T;600
1972;Mink;U;357
1972;Mink;W;1070
1972;Mink;X;550
1972;Mink;Y;800
1972;Mink;Z;1010
1972;Morkulla;AC;16
1972;Morkulla;BD;100
1972;Morkulla;S;10
1972;Morkulla;T;200
1972;Morkulla;U;200
1972;Morkulla;W;150
1972;Morkulla;X;50
1972;Morkulla;Y;100
1972;Morkulla;Z;
1972;Mård;AC;649
1972;Mård;BD;320
1972;Mård;S;50
1972;Mård;T;30
1972;Mård;U;10
1972;Mård;W;460
1972;Mård;X;175
1972;Mård;Y;600
1972;Mård;Z;723
1972;Nötskrika;AC;764
1972;Nötskrika;BD;400
1972;Nötskrika;S;1600
1972;Nötskrika;T;1500
1972;Nötskrika;U;520
1972;Nötskrika;W;600
1972;Nötskrika;X;875
1972;Nötskrika;Y;500
1972;Nötskrika;Z;3293
1972;Orre;AC;2304
1972;Orre;BD;5000
1972;Orre;S;520
1972;Orre;T;200
1972;Orre;U;77
1972;Orre;W;1200
1972;Orre;X;600
1972;Orre;Y;700
1972;Orre;Z;1149
1972;Rådjur;AC;16
1972;Rådjur;BD;20
1972;Rådjur;S;1900
1972;Rådjur;T;2500
1972;Rådjur;U;1893
1972;Rådjur;W;2425
1972;Rådjur;X;1400
1972;Rådjur;Y;900
1972;Rådjur;Z;351
1972;Rödräv;AC;4272
1972;Rödräv;BD;4000
1972;Rödräv;S;3370
1972;Rödräv;T;3500
1972;Rödräv;U;1526
1972;Rödräv;W;4500
1972;Rödräv;X;2500
1972;Rödräv;Y;4200
1972;Rödräv;Z;2729
1972;Skogshare;AC;4944
1972;Skogshare;BD;6500
1972;Skogshare;S;6060
1972;Skogshare;T;3500
1972;Skogshare;U;1024
1972;Skogshare;W;10830
1972;Skogshare;X;4400
1972;Skogshare;Y;5300
1972;Skogshare;Z;5915
1972;Tjäder;AC;1721
1972;Tjäder;BD;3500
1972;Tjäder;S;380
1972;Tjäder;T;250
1972;Tjäder;U;89
1972;Tjäder;W;870
1972;Tjäder;X;440
1972;Tjäder;Y;500
1972;Tjäder;Z;995
1973;Bäver;AC;
1973;Bäver;BD;
1973;Bäver;S;
1973;Bäver;T;
1973;Bäver;U;
1973;Bäver;W;
1973;Bäver;X;
1973;Bäver;Y;
1973;Bäver;Z;
1973;Gräsand;AC;5252
1973;Gräsand;BD;5200
1973;Gräsand;S;1430
1973;Gräsand;T;3000
1973;Gräsand;U;1850
1973;Gräsand;W;2190
1973;Gräsand;X;2700
1973;Gräsand;Y;1500
1973;Gräsand;Z;
1973;Grävling;AC;
1973;Grävling;BD;
1973;Grävling;S;865
1973;Grävling;T;500
1973;Grävling;U;352
1973;Grävling;W;680
1973;Grävling;X;450
1973;Grävling;Y;300
1973;Grävling;Z;65
1973;Järpe;AC;5615
1973;Järpe;BD;19721
1973;Järpe;S;220
1973;Järpe;T;100
1973;Järpe;U;40
1973;Järpe;W;480
1973;Järpe;X;1100
1973;Järpe;Y;2500
1973;Järpe;Z;1895
1973;Kricka;AC;1556
1973;Kricka;BD;6067
1973;Kricka;S;70
1973;Kricka;T;200
1973;Kricka;U;120
1973;Kricka;W;400
1973;Kricka;X;100
1973;Kricka;Y;500
1973;Kricka;Z;
1973;Mink;AC;907
1973;Mink;BD;440
1973;Mink;S;550
1973;Mink;T;800
1973;Mink;U;312
1973;Mink;W;900
1973;Mink;X;675
1973;Mink;Y;750
1973;Mink;Z;690
1973;Morkulla;AC;
1973;Morkulla;BD;100
1973;Morkulla;S;160
1973;Morkulla;T;200
1973;Morkulla;U;162
1973;Morkulla;W;420
1973;Morkulla;X;100
1973;Morkulla;Y;100
1973;Morkulla;Z;
1973;Mård;AC;598
1973;Mård;BD;310
1973;Mård;S;35
1973;Mård;T;25
1973;Mård;U;12
1973;Mård;W;370
1973;Mård;X;160
1973;Mård;Y;600
1973;Mård;Z;585
1973;Nötskrika;AC;649
1973;Nötskrika;BD;3000
1973;Nötskrika;S;1300
1973;Nötskrika;T;1500
1973;Nötskrika;U;294
1973;Nötskrika;W;
1973;Nötskrika;X;750
1973;Nötskrika;Y;700
1973;Nötskrika;Z;1755
1973;Orre;AC;4961
1973;Orre;BD;10642
1973;Orre;S;830
1973;Orre;T;250
1973;Orre;U;141
1973;Orre;W;1500
1973;Orre;X;1110
1973;Orre;Y;1000
1973;Orre;Z;2150
1973;Rådjur;AC;20
1973;Rådjur;BD;20
1973;Rådjur;S;2950
1973;Rådjur;T;2500
1973;Rådjur;U;2316
1973;Rådjur;W;3510
1973;Rådjur;X;1600
1973;Rådjur;Y;950
1973;Rådjur;Z;365
1973;Rödräv;AC;5032
1973;Rödräv;BD;2751
1973;Rödräv;S;3700
1973;Rödräv;T;3000
1973;Rödräv;U;1844
1973;Rödräv;W;4950
1973;Rödräv;X;3100
1973;Rödräv;Y;6600
1973;Rödräv;Z;3880
1973;Skogshare;AC;6765
1973;Skogshare;BD;7957
1973;Skogshare;S;6220
1973;Skogshare;T;3100
1973;Skogshare;U;2840
1973;Skogshare;W;7480
1973;Skogshare;X;4150
1973;Skogshare;Y;5600
1973;Skogshare;Z;6535
1973;Tjäder;AC;2821
1973;Tjäder;BD;10246
1973;Tjäder;S;520
1973;Tjäder;T;200
1973;Tjäder;U;72
1973;Tjäder;W;1000
1973;Tjäder;X;700
1973;Tjäder;Y;850
1973;Tjäder;Z;2095
1974;Bäver;AC;
1974;Bäver;BD;
1974;Bäver;S;
1974;Bäver;T;
1974;Bäver;U;
1974;Bäver;W;
1974;Bäver;X;
1974;Bäver;Y;
1974;Bäver;Z;
1974;Gräsand;AC;4934
1974;Gräsand;BD;5200
1974;Gräsand;S;1090
1974;Gräsand;T;2500
1974;Gräsand;U;1977
1974;Gräsand;W;1116
1974;Gräsand;X;1350
1974;Gräsand;Y;2010
1974;Gräsand;Z;
1974;Grävling;AC;27
1974;Grävling;BD;
1974;Grävling;S;630
1974;Grävling;T;500
1974;Grävling;U;273
1974;Grävling;W;400
1974;Grävling;X;350
1974;Grävling;Y;300
1974;Grävling;Z;
1974;Järpe;AC;7950
1974;Järpe;BD;20100
1974;Järpe;S;100
1974;Järpe;T;100
1974;Järpe;U;40
1974;Järpe;W;372
1974;Järpe;X;1050
1974;Järpe;Y;3390
1974;Järpe;Z;3255
1974;Kricka;AC;1420
1974;Kricka;BD;6100
1974;Kricka;S;70
1974;Kricka;T;200
1974;Kricka;U;120
1974;Kricka;W;440
1974;Kricka;X;75
1974;Kricka;Y;450
1974;Kricka;Z;
1974;Mink;AC;1208
1974;Mink;BD;450
1974;Mink;S;630
1974;Mink;T;700
1974;Mink;U;580
1974;Mink;W;904
1974;Mink;X;800
1974;Mink;Y;615
1974;Mink;Z;1380
1974;Morkulla;AC;32
1974;Morkulla;BD;150
1974;Morkulla;S;430
1974;Morkulla;T;800
1974;Morkulla;U;330
1974;Morkulla;W;735
1974;Morkulla;X;360
1974;Morkulla;Y;150
1974;Morkulla;Z;
1974;Mård;AC;1150
1974;Mård;BD;350
1974;Mård;S;9
1974;Mård;T;30
1974;Mård;U;6
1974;Mård;W;312
1974;Mård;X;300
1974;Mård;Y;645
1974;Mård;Z;770
1974;Nötskrika;AC;917
1974;Nötskrika;BD;500
1974;Nötskrika;S;1069
1974;Nötskrika;T;1500
1974;Nötskrika;U;
1974;Nötskrika;W;555
1974;Nötskrika;X;800
1974;Nötskrika;Y;650
1974;Nötskrika;Z;2207
1974;Orre;AC;11416
1974;Orre;BD;15700
1974;Orre;S;580
1974;Orre;T;300
1974;Orre;U;73
1974;Orre;W;1134
1974;Orre;X;1250
1974;Orre;Y;2025
1974;Orre;Z;5265
1974;Rådjur;AC;48
1974;Rådjur;BD;20
1974;Rådjur;S;3100
1974;Rådjur;T;2700
1974;Rådjur;U;2380
1974;Rådjur;W;3189
1974;Rådjur;X;2200
1974;Rådjur;Y;990
1974;Rådjur;Z;425
1974;Rödräv;AC;7425
1974;Rödräv;BD;2900
1974;Rödräv;S;3660
1974;Rödräv;T;3000
1974;Rödräv;U;1710
1974;Rödräv;W;4314
1974;Rödräv;X;3500
1974;Rödräv;Y;6990
1974;Rödräv;Z;4670
1974;Skogshare;AC;13557
1974;Skogshare;BD;11250
1974;Skogshare;S;6180
1974;Skogshare;T;2500
1974;Skogshare;U;2150
1974;Skogshare;W;6549
1974;Skogshare;X;4800
1974;Skogshare;Y;7185
1974;Skogshare;Z;8035
1974;Tjäder;AC;5904
1974;Tjäder;BD;14200
1974;Tjäder;S;450
1974;Tjäder;T;200
1974;Tjäder;U;55
1974;Tjäder;W;966
1974;Tjäder;X;700
1974;Tjäder;Y;1155
1974;Tjäder;Z;3025
1975;Bäver;AC;
1975;Bäver;BD;
1975;Bäver;S;
1975;Bäver;T;
1975;Bäver;U;
1975;Bäver;W;
1975;Bäver;X;
1975;Bäver;Y;
1975;Bäver;Z;
1975;Gräsand;AC;3450
1975;Gräsand;BD;5000
1975;Gräsand;S;1430
1975;Gräsand;T;2000
1975;Gräsand;U;2432
1975;Gräsand;W;1374
1975;Gräsand;X;2600
1975;Gräsand;Y;1900
1975;Gräsand;Z;
1975;Grävling;AC;10
1975;Grävling;BD;
1975;Grävling;S;525
1975;Grävling;T;400
1975;Grävling;U;600
1975;Grävling;W;504
1975;Grävling;X;450
1975;Grävling;Y;350
1975;Grävling;Z;
1975;Järpe;AC;3140
1975;Järpe;BD;8000
1975;Järpe;S;145
1975;Järpe;T;200
1975;Järpe;U;
1975;Järpe;W;436
1975;Järpe;X;650
1975;Järpe;Y;3050
1975;Järpe;Z;1100
1975;Kricka;AC;950
1975;Kricka;BD;2000
1975;Kricka;S;20
1975;Kricka;T;200
1975;Kricka;U;
1975;Kricka;W;42
1975;Kricka;X;150
1975;Kricka;Y;400
1975;Kricka;Z;
1975;Mink;AC;970
1975;Mink;BD;800
1975;Mink;S;520
1975;Mink;T;500
1975;Mink;U;
1975;Mink;W;935
1975;Mink;X;700
1975;Mink;Y;750
1975;Mink;Z;700
1975;Morkulla;AC;10
1975;Morkulla;BD;30
1975;Morkulla;S;215
1975;Morkulla;T;500
1975;Morkulla;U;200
1975;Morkulla;W;512
1975;Morkulla;X;325
1975;Morkulla;Y;150
1975;Morkulla;Z;
1975;Mård;AC;800
1975;Mård;BD;450
1975;Mård;S;20
1975;Mård;T;30
1975;Mård;U;
1975;Mård;W;387
1975;Mård;X;250
1975;Mård;Y;810
1975;Mård;Z;700
1975;Nötskrika;AC;1100
1975;Nötskrika;BD;
1975;Nötskrika;S;1425
1975;Nötskrika;T;1000
1975;Nötskrika;U;872
1975;Nötskrika;W;848
1975;Nötskrika;X;800
1975;Nötskrika;Y;630
1975;Nötskrika;Z;
1975;Orre;AC;2750
1975;Orre;BD;6000
1975;Orre;S;560
1975;Orre;T;300
1975;Orre;U;24
1975;Orre;W;1248
1975;Orre;X;875
1975;Orre;Y;2000
1975;Orre;Z;1700
1975;Rådjur;AC;30
1975;Rådjur;BD;15
1975;Rådjur;S;4555
1975;Rådjur;T;3000
1975;Rådjur;U;3275
1975;Rådjur;W;4364
1975;Rådjur;X;2250
1975;Rådjur;Y;1120
1975;Rådjur;Z;250
1975;Rödräv;AC;3900
1975;Rödräv;BD;3200
1975;Rödräv;S;2815
1975;Rödräv;T;2000
1975;Rödräv;U;2356
1975;Rödräv;W;3517
1975;Rödräv;X;2250
1975;Rödräv;Y;4480
1975;Rödräv;Z;2500
1975;Skogshare;AC;5200
1975;Skogshare;BD;14500
1975;Skogshare;S;5335
1975;Skogshare;T;3500
1975;Skogshare;U;2000
1975;Skogshare;W;6437
1975;Skogshare;X;4050
1975;Skogshare;Y;5600
1975;Skogshare;Z;5900
1975;Tjäder;AC;1250
1975;Tjäder;BD;5000
1975;Tjäder;S;350
1975;Tjäder;T;100
1975;Tjäder;U;8
1975;Tjäder;W;639
1975;Tjäder;X;450
1975;Tjäder;Y;950
1975;Tjäder;Z;1100
1976;Bäver;AC;
1976;Bäver;BD;
1976;Bäver;S;
1976;Bäver;T;
1976;Bäver;U;
1976;Bäver;W;
1976;Bäver;X;
1976;Bäver;Y;
1976;Bäver;Z;
1976;Gräsand;AC;2870
1976;Gräsand;BD;5000
1976;Gräsand;S;940
1976;Gräsand;T;1590
1976;Gräsand;U;2300
1976;Gräsand;W;1407
1976;Gräsand;X;1960
1976;Gräsand;Y;1800
1976;Gräsand;Z;320
1976;Grävling;AC;20
1976;Grävling;BD;
1976;Grävling;S;670
1976;Grävling;T;380
1976;Grävling;U;600
1976;Grävling;W;462
1976;Grävling;X;335
1976;Grävling;Y;390
1976;Grävling;Z;85
1976;Järpe;AC;3040
1976;Järpe;BD;4500
1976;Järpe;S;129
1976;Järpe;T;50
1976;Järpe;U;100
1976;Järpe;W;501
1976;Järpe;X;700
1976;Järpe;Y;3400
1976;Järpe;Z;1200
1976;Kricka;AC;1320
1976;Kricka;BD;2000
1976;Kricka;S;50
1976;Kricka;T;100
1976;Kricka;U;300
1976;Kricka;W;63
1976;Kricka;X;160
1976;Kricka;Y;410
1976;Kricka;Z;
1976;Mink;AC;960
1976;Mink;BD;1200
1976;Mink;S;360
1976;Mink;T;220
1976;Mink;U;400
1976;Mink;W;785
1976;Mink;X;635
1976;Mink;Y;650
1976;Mink;Z;500
1976;Morkulla;AC;15
1976;Morkulla;BD;20
1976;Morkulla;S;615
1976;Morkulla;T;300
1976;Morkulla;U;400
1976;Morkulla;W;204
1976;Morkulla;X;250
1976;Morkulla;Y;160
1976;Morkulla;Z;110
1976;Mård;AC;700
1976;Mård;BD;900
1976;Mård;S;38
1976;Mård;T;10
1976;Mård;U;10
1976;Mård;W;267
1976;Mård;X;255
1976;Mård;Y;1050
1976;Mård;Z;780
1976;Nötskrika;AC;520
1976;Nötskrika;BD;30
1976;Nötskrika;S;2475
1976;Nötskrika;T;690
1976;Nötskrika;U;1100
1976;Nötskrika;W;1058
1976;Nötskrika;X;1200
1976;Nötskrika;Y;640
1976;Nötskrika;Z;600
1976;Orre;AC;3420
1976;Orre;BD;4500
1976;Orre;S;754
1976;Orre;T;360
1976;Orre;U;150
1976;Orre;W;1566
1976;Orre;X;925
1976;Orre;Y;2200
1976;Orre;Z;1750
1976;Rådjur;AC;30
1976;Rådjur;BD;4
1976;Rådjur;S;4640
1976;Rådjur;T;3070
1976;Rådjur;U;2500
1976;Rådjur;W;5889
1976;Rådjur;X;2820
1976;Rådjur;Y;1200
1976;Rådjur;Z;400
1976;Rödräv;AC;2680
1976;Rödräv;BD;3700
1976;Rödräv;S;3400
1976;Rödräv;T;1490
1976;Rödräv;U;2500
1976;Rödräv;W;3741
1976;Rödräv;X;2700
1976;Rödräv;Y;3420
1976;Rödräv;Z;2000
1976;Skogshare;AC;7930
1976;Skogshare;BD;17300
1976;Skogshare;S;4950
1976;Skogshare;T;2610
1976;Skogshare;U;2300
1976;Skogshare;W;5835
1976;Skogshare;X;3690
1976;Skogshare;Y;5700
1976;Skogshare;Z;5600
1976;Tjäder;AC;2220
1976;Tjäder;BD;4000
1976;Tjäder;S;378
1976;Tjäder;T;160
1976;Tjäder;U;100
1976;Tjäder;W;836
1976;Tjäder;X;610
1976;Tjäder;Y;1000
1976;Tjäder;Z;900
1977;Bäver;AC;
1977;Bäver;BD;
1977;Bäver;S;67
1977;Bäver;T;80
1977;Bäver;U;
1977;Bäver;W;25
1977;Bäver;X;
1977;Bäver;Y;63
1977;Bäver;Z;390
1977;Gräsand;AC;3180
1977;Gräsand;BD;6100
1977;Gräsand;S;822
1977;Gräsand;T;1400
1977;Gräsand;U;2000
1977;Gräsand;W;1170
1977;Gräsand;X;2500
1977;Gräsand;Y;1460
1977;Gräsand;Z;185
1977;Grävling;AC;20
1977;Grävling;BD;
1977;Grävling;S;729
1977;Grävling;T;480
1977;Grävling;U;388
1977;Grävling;W;700
1977;Grävling;X;400
1977;Grävling;Y;380
1977;Grävling;Z;60
1977;Järpe;AC;3020
1977;Järpe;BD;1000
1977;Järpe;S;137
1977;Järpe;T;50
1977;Järpe;U;100
1977;Järpe;W;576
1977;Järpe;X;1300
1977;Järpe;Y;3200
1977;Järpe;Z;2000
1977;Kricka;AC;1540
1977;Kricka;BD;1900
1977;Kricka;S;13
1977;Kricka;T;80
1977;Kricka;U;300
1977;Kricka;W;54
1977;Kricka;X;85
1977;Kricka;Y;400
1977;Kricka;Z;
1977;Mink;AC;1040
1977;Mink;BD;1900
1977;Mink;S;418
1977;Mink;T;110
1977;Mink;U;214
1977;Mink;W;630
1977;Mink;X;825
1977;Mink;Y;630
1977;Mink;Z;750
1977;Morkulla;AC;10
1977;Morkulla;BD;50
1977;Morkulla;S;1804
1977;Morkulla;T;1400
1977;Morkulla;U;606
1977;Morkulla;W;1068
1977;Morkulla;X;580
1977;Morkulla;Y;200
1977;Morkulla;Z;90
1977;Mård;AC;1000
1977;Mård;BD;800
1977;Mård;S;27
1977;Mård;T;20
1977;Mård;U;2
1977;Mård;W;210
1977;Mård;X;335
1977;Mård;Y;1000
1977;Mård;Z;780
1977;Nötskrika;AC;460
1977;Nötskrika;BD;150
1977;Nötskrika;S;1701
1977;Nötskrika;T;500
1977;Nötskrika;U;452
1977;Nötskrika;W;1152
1977;Nötskrika;X;810
1977;Nötskrika;Y;500
1977;Nötskrika;Z;750
1977;Orre;AC;2750
1977;Orre;BD;3200
1977;Orre;S;956
1977;Orre;T;500
1977;Orre;U;150
1977;Orre;W;1590
1977;Orre;X;1700
1977;Orre;Y;2200
1977;Orre;Z;2900
1977;Rådjur;AC;30
1977;Rådjur;BD;
1977;Rådjur;S;3596
1977;Rådjur;T;2700
1977;Rådjur;U;3054
1977;Rådjur;W;2946
1977;Rådjur;X;2650
1977;Rådjur;Y;1000
1977;Rådjur;Z;380
1977;Rödräv;AC;3700
1977;Rödräv;BD;2600
1977;Rödräv;S;4188
1977;Rödräv;T;2500
1977;Rödräv;U;2650
1977;Rödräv;W;4895
1977;Rödräv;X;3300
1977;Rödräv;Y;3240
1977;Rödräv;Z;3340
1977;Skogshare;AC;16400
1977;Skogshare;BD;21300
1977;Skogshare;S;6814
1977;Skogshare;T;4200
1977;Skogshare;U;2196
1977;Skogshare;W;5742
1977;Skogshare;X;5100
1977;Skogshare;Y;7420
1977;Skogshare;Z;9000
1977;Tjäder;AC;2660
1977;Tjäder;BD;2500
1977;Tjäder;S;666
1977;Tjäder;T;200
1977;Tjäder;U;100
1977;Tjäder;W;1047
1977;Tjäder;X;1125
1977;Tjäder;Y;1160
1977;Tjäder;Z;1900
1978;Bäver;AC;
1978;Bäver;BD;
1978;Bäver;S;142
1978;Bäver;T;79
1978;Bäver;U;
1978;Bäver;W;27
1978;Bäver;X;
1978;Bäver;Y;320
1978;Bäver;Z;800
1978;Gräsand;AC;3200
1978;Gräsand;BD;6200
1978;Gräsand;S;850
1978;Gräsand;T;1600
1978;Gräsand;U;2000
1978;Gräsand;W;860
1978;Gräsand;X;2230
1978;Gräsand;Y;1080
1978;Gräsand;Z;250
1978;Grävling;AC;20
1978;Grävling;BD;
1978;Grävling;S;750
1978;Grävling;T;400
1978;Grävling;U;400
1978;Grävling;W;450
1978;Grävling;X;480
1978;Grävling;Y;130
1978;Grävling;Z;180
1978;Järpe;AC;2600
1978;Järpe;BD;4300
1978;Järpe;S;140
1978;Järpe;T;50
1978;Järpe;U;120
1978;Järpe;W;410
1978;Järpe;X;1350
1978;Järpe;Y;2160
1978;Järpe;Z;1100
1978;Kricka;AC;1300
1978;Kricka;BD;1700
1978;Kricka;S;10
1978;Kricka;T;30
1978;Kricka;U;400
1978;Kricka;W;50
1978;Kricka;X;80
1978;Kricka;Y;30
1978;Kricka;Z;
1978;Mink;AC;1700
1978;Mink;BD;3200
1978;Mink;S;400
1978;Mink;T;100
1978;Mink;U;200
1978;Mink;W;940
1978;Mink;X;1000
1978;Mink;Y;680
1978;Mink;Z;550
1978;Morkulla;AC;50
1978;Morkulla;BD;50
1978;Morkulla;S;1380
1978;Morkulla;T;1300
1978;Morkulla;U;700
1978;Morkulla;W;980
1978;Morkulla;X;700
1978;Morkulla;Y;240
1978;Morkulla;Z;420
1978;Mård;AC;1800
1978;Mård;BD;1700
1978;Mård;S;40
1978;Mård;T;30
1978;Mård;U;10
1978;Mård;W;340
1978;Mård;X;420
1978;Mård;Y;860
1978;Mård;Z;1200
1978;Nötskrika;AC;300
1978;Nötskrika;BD;120
1978;Nötskrika;S;1100
1978;Nötskrika;T;500
1978;Nötskrika;U;500
1978;Nötskrika;W;680
1978;Nötskrika;X;650
1978;Nötskrika;Y;350
1978;Nötskrika;Z;300
1978;Orre;AC;2200
1978;Orre;BD;3200
1978;Orre;S;890
1978;Orre;T;500
1978;Orre;U;150
1978;Orre;W;1450
1978;Orre;X;1550
1978;Orre;Y;1080
1978;Orre;Z;2150
1978;Rådjur;AC;100
1978;Rådjur;BD;
1978;Rådjur;S;3340
1978;Rådjur;T;2600
1978;Rådjur;U;4000
1978;Rådjur;W;2950
1978;Rådjur;X;2250
1978;Rådjur;Y;760
1978;Rådjur;Z;400
1978;Rödräv;AC;5500
1978;Rödräv;BD;4150
1978;Rödräv;S;3170
1978;Rödräv;T;1600
1978;Rödräv;U;3000
1978;Rödräv;W;3950
1978;Rödräv;X;2700
1978;Rödräv;Y;2660
1978;Rödräv;Z;3150
1978;Skogshare;AC;14500
1978;Skogshare;BD;23750
1978;Skogshare;S;5120
1978;Skogshare;T;3400
1978;Skogshare;U;2200
1978;Skogshare;W;5620
1978;Skogshare;X;5100
1978;Skogshare;Y;5470
1978;Skogshare;Z;6900
1978;Tjäder;AC;1500
1978;Tjäder;BD;3400
1978;Tjäder;S;560
1978;Tjäder;T;200
1978;Tjäder;U;150
1978;Tjäder;W;900
1978;Tjäder;X;850
1978;Tjäder;Y;970
1978;Tjäder;Z;1250
1979;Bäver;AC;100
1979;Bäver;BD;
1979;Bäver;S;180
1979;Bäver;T;119
1979;Bäver;U;
1979;Bäver;W;54
1979;Bäver;X;
1979;Bäver;Y;540
1979;Bäver;Z;1000
1979;Gräsand;AC;3100
1979;Gräsand;BD;3790
1979;Gräsand;S;930
1979;Gräsand;T;1500
1979;Gräsand;U;2000
1979;Gräsand;W;1520
1979;Gräsand;X;2400
1979;Gräsand;Y;990
1979;Gräsand;Z;170
1979;Grävling;AC;50
1979;Grävling;BD;2
1979;Grävling;S;1610
1979;Grävling;T;400
1979;Grävling;U;600
1979;Grävling;W;630
1979;Grävling;X;600
1979;Grävling;Y;210
1979;Grävling;Z;170
1979;Järpe;AC;2000
1979;Järpe;BD;3790
1979;Järpe;S;240
1979;Järpe;T;50
1979;Järpe;U;130
1979;Järpe;W;800
1979;Järpe;X;2700
1979;Järpe;Y;1930
1979;Järpe;Z;900
1979;Kricka;AC;1000
1979;Kricka;BD;1180
1979;Kricka;S;10
1979;Kricka;T;100
1979;Kricka;U;400
1979;Kricka;W;50
1979;Kricka;X;60
1979;Kricka;Y;
1979;Kricka;Z;
1979;Mink;AC;900
1979;Mink;BD;2530
1979;Mink;S;490
1979;Mink;T;160
1979;Mink;U;200
1979;Mink;W;570
1979;Mink;X;750
1979;Mink;Y;610
1979;Mink;Z;650
1979;Morkulla;AC;50
1979;Morkulla;BD;80
1979;Morkulla;S;1340
1979;Morkulla;T;1100
1979;Morkulla;U;500
1979;Morkulla;W;1030
1979;Morkulla;X;1100
1979;Morkulla;Y;1100
1979;Morkulla;Z;100
1979;Mård;AC;1300
1979;Mård;BD;1440
1979;Mård;S;60
1979;Mård;T;30
1979;Mård;U;10
1979;Mård;W;480
1979;Mård;X;350
1979;Mård;Y;600
1979;Mård;Z;1400
1979;Nötskrika;AC;900
1979;Nötskrika;BD;100
1979;Nötskrika;S;1980
1979;Nötskrika;T;700
1979;Nötskrika;U;700
1979;Nötskrika;W;990
1979;Nötskrika;X;2000
1979;Nötskrika;Y;290
1979;Nötskrika;Z;180
1979;Orre;AC;1400
1979;Orre;BD;2600
1979;Orre;S;1390
1979;Orre;T;950
1979;Orre;U;250
1979;Orre;W;2520
1979;Orre;X;2700
1979;Orre;Y;1660
1979;Orre;Z;1800
1979;Rådjur;AC;130
1979;Rådjur;BD;
1979;Rådjur;S;8240
1979;Rådjur;T;3150
1979;Rådjur;U;4200
1979;Rådjur;W;5320
1979;Rådjur;X;3850
1979;Rådjur;Y;1110
1979;Rådjur;Z;680
1979;Rödräv;AC;3600
1979;Rödräv;BD;3490
1979;Rödräv;S;5060
1979;Rödräv;T;1950
1979;Rödräv;U;2800
1979;Rödräv;W;3630
1979;Rödräv;X;3200
1979;Rödräv;Y;2340
1979;Rödräv;Z;2500
1979;Skogshare;AC;8900
1979;Skogshare;BD;13940
1979;Skogshare;S;7470
1979;Skogshare;T;2900
1979;Skogshare;U;2200
1979;Skogshare;W;5630
1979;Skogshare;X;5000
1979;Skogshare;Y;3730
1979;Skogshare;Z;6200
1979;Tjäder;AC;1300
1979;Tjäder;BD;2100
1979;Tjäder;S;1020
1979;Tjäder;T;300
1979;Tjäder;U;150
1979;Tjäder;W;1520
1979;Tjäder;X;1350
1979;Tjäder;Y;1390
1979;Tjäder;Z;1600
1980;Bäver;AC;50
1980;Bäver;BD;
1980;Bäver;S;562
1980;Bäver;T;250
1980;Bäver;U;
1980;Bäver;W;109
1980;Bäver;X;
1980;Bäver;Y;590
1980;Bäver;Z;1200
1980;Gräsand;AC;3200
1980;Gräsand;BD;6460
1980;Gräsand;S;960
1980;Gräsand;T;1200
1980;Gräsand;U;2150
1980;Gräsand;W;1140
1980;Gräsand;X;2600
1980;Gräsand;Y;1640
1980;Gräsand;Z;300
1980;Grävling;AC;20
1980;Grävling;BD;
1980;Grävling;S;790
1980;Grävling;T;650
1980;Grävling;U;700
1980;Grävling;W;760
1980;Grävling;X;550
1980;Grävling;Y;140
1980;Grävling;Z;130
1980;Järpe;AC;3200
1980;Järpe;BD;11810
1980;Järpe;S;490
1980;Järpe;T;50
1980;Järpe;U;150
1980;Järpe;W;1140
1980;Järpe;X;4500
1980;Järpe;Y;3930
1980;Järpe;Z;2300
1980;Kricka;AC;1500
1980;Kricka;BD;1760
1980;Kricka;S;30
1980;Kricka;T;100
1980;Kricka;U;400
1980;Kricka;W;70
1980;Kricka;X;120
1980;Kricka;Y;160
1980;Kricka;Z;
1980;Mink;AC;1200
1980;Mink;BD;3860
1980;Mink;S;480
1980;Mink;T;200
1980;Mink;U;460
1980;Mink;W;690
1980;Mink;X;1100
1980;Mink;Y;450
1980;Mink;Z;900
1980;Morkulla;AC;200
1980;Morkulla;BD;50
1980;Morkulla;S;1340
1980;Morkulla;T;1000
1980;Morkulla;U;620
1980;Morkulla;W;980
1980;Morkulla;X;850
1980;Morkulla;Y;340
1980;Morkulla;Z;350
1980;Mård;AC;1200
1980;Mård;BD;1870
1980;Mård;S;40
1980;Mård;T;10
1980;Mård;U;20
1980;Mård;W;350
1980;Mård;X;400
1980;Mård;Y;660
1980;Mård;Z;1500
1980;Nötskrika;AC;700
1980;Nötskrika;BD;110
1980;Nötskrika;S;1550
1980;Nötskrika;T;700
1980;Nötskrika;U;800
1980;Nötskrika;W;1310
1980;Nötskrika;X;2200
1980;Nötskrika;Y;780
1980;Nötskrika;Z;500
1980;Orre;AC;5000
1980;Orre;BD;8990
1980;Orre;S;1690
1980;Orre;T;950
1980;Orre;U;200
1980;Orre;W;2330
1980;Orre;X;4300
1980;Orre;Y;4010
1980;Orre;Z;3800
1980;Rådjur;AC;100
1980;Rådjur;BD;40
1980;Rådjur;S;6780
1980;Rådjur;T;3700
1980;Rådjur;U;5500
1980;Rådjur;W;6200
1980;Rådjur;X;5200
1980;Rådjur;Y;1040
1980;Rådjur;Z;1030
1980;Rödräv;AC;3400
1980;Rödräv;BD;4590
1980;Rödräv;S;3970
1980;Rödräv;T;1500
1980;Rödräv;U;2200
1980;Rödräv;W;3710
1980;Rödräv;X;3500
1980;Rödräv;Y;2290
1980;Rödräv;Z;2500
1980;Skogshare;AC;10500
1980;Skogshare;BD;17470
1980;Skogshare;S;5470
1980;Skogshare;T;3100
1980;Skogshare;U;2000
1980;Skogshare;W;5280
1980;Skogshare;X;6900
1980;Skogshare;Y;6400
1980;Skogshare;Z;7700
1980;Tjäder;AC;4300
1980;Tjäder;BD;7810
1980;Tjäder;S;1050
1980;Tjäder;T;200
1980;Tjäder;U;150
1980;Tjäder;W;1630
1980;Tjäder;X;2800
1980;Tjäder;Y;2370
1980;Tjäder;Z;3500
1981;Bäver;AC;70
1981;Bäver;BD;
1981;Bäver;S;580
1981;Bäver;T;300
1981;Bäver;U;
1981;Bäver;W;80
1981;Bäver;X;
1981;Bäver;Y;450
1981;Bäver;Z;1300
1981;Gräsand;AC;6000
1981;Gräsand;BD;6500
1981;Gräsand;S;1040
1981;Gräsand;T;1700
1981;Gräsand;U;2900
1981;Gräsand;W;1420
1981;Gräsand;X;2740
1981;Gräsand;Y;1250
1981;Gräsand;Z;300
1981;Grävling;AC;30
1981;Grävling;BD;
1981;Grävling;S;1110
1981;Grävling;T;600
1981;Grävling;U;720
1981;Grävling;W;560
1981;Grävling;X;560
1981;Grävling;Y;210
1981;Grävling;Z;230
1981;Järpe;AC;10400
1981;Järpe;BD;25000
1981;Järpe;S;80
1981;Järpe;T;100
1981;Järpe;U;10
1981;Järpe;W;540
1981;Järpe;X;1780
1981;Järpe;Y;3440
1981;Järpe;Z;2800
1981;Kricka;AC;2000
1981;Kricka;BD;1930
1981;Kricka;S;40
1981;Kricka;T;100
1981;Kricka;U;80
1981;Kricka;W;110
1981;Kricka;X;150
1981;Kricka;Y;30
1981;Kricka;Z;
1981;Mink;AC;1400
1981;Mink;BD;4900
1981;Mink;S;550
1981;Mink;T;300
1981;Mink;U;600
1981;Mink;W;660
1981;Mink;X;1550
1981;Mink;Y;770
1981;Mink;Z;1500
1981;Morkulla;AC;200
1981;Morkulla;BD;260
1981;Morkulla;S;1340
1981;Morkulla;T;1000
1981;Morkulla;U;490
1981;Morkulla;W;1080
1981;Morkulla;X;1380
1981;Morkulla;Y;400
1981;Morkulla;Z;600
1981;Mård;AC;900
1981;Mård;BD;1700
1981;Mård;S;40
1981;Mård;T;20
1981;Mård;U;20
1981;Mård;W;240
1981;Mård;X;420
1981;Mård;Y;720
1981;Mård;Z;1200
1981;Nötskrika;AC;1100
1981;Nötskrika;BD;500
1981;Nötskrika;S;1400
1981;Nötskrika;T;1000
1981;Nötskrika;U;940
1981;Nötskrika;W;1000
1981;Nötskrika;X;2300
1981;Nötskrika;Y;980
1981;Nötskrika;Z;400
1981;Orre;AC;12600
1981;Orre;BD;20000
1981;Orre;S;1020
1981;Orre;T;700
1981;Orre;U;30
1981;Orre;W;2000
1981;Orre;X;2290
1981;Orre;Y;2480
1981;Orre;Z;5400
1981;Rådjur;AC;300
1981;Rådjur;BD;50
1981;Rådjur;S;7110
1981;Rådjur;T;4300
1981;Rådjur;U;6330
1981;Rådjur;W;6340
1981;Rådjur;X;4360
1981;Rådjur;Y;960
1981;Rådjur;Z;1100
1981;Rödräv;AC;4500
1981;Rödräv;BD;5000
1981;Rödräv;S;2600
1981;Rödräv;T;1000
1981;Rödräv;U;1800
1981;Rödräv;W;2370
1981;Rödräv;X;1870
1981;Rödräv;Y;2000
1981;Rödräv;Z;2350
1981;Skogshare;AC;17000
1981;Skogshare;BD;22000
1981;Skogshare;S;4390
1981;Skogshare;T;2500
1981;Skogshare;U;1120
1981;Skogshare;W;4800
1981;Skogshare;X;5510
1981;Skogshare;Y;7440
1981;Skogshare;Z;9500
1981;Tjäder;AC;9600
1981;Tjäder;BD;15000
1981;Tjäder;S;500
1981;Tjäder;T;200
1981;Tjäder;U;40
1981;Tjäder;W;1020
1981;Tjäder;X;1350
1981;Tjäder;Y;1700
1981;Tjäder;Z;3600
1982;Bäver;AC;200
1982;Bäver;BD;
1982;Bäver;S;516
1982;Bäver;T;230
1982;Bäver;U;
1982;Bäver;W;476
1982;Bäver;X;
1982;Bäver;Y;1200
1982;Bäver;Z;1400
1982;Gräsand;AC;5600
1982;Gräsand;BD;7700
1982;Gräsand;S;890
1982;Gräsand;T;1000
1982;Gräsand;U;2050
1982;Gräsand;W;860
1982;Gräsand;X;3540
1982;Gräsand;Y;1440
1982;Gräsand;Z;300
1982;Grävling;AC;30
1982;Grävling;BD;10
1982;Grävling;S;1650
1982;Grävling;T;600
1982;Grävling;U;760
1982;Grävling;W;900
1982;Grävling;X;840
1982;Grävling;Y;400
1982;Grävling;Z;220
1982;Järpe;AC;6000
1982;Järpe;BD;16380
1982;Järpe;S;300
1982;Järpe;T;100
1982;Järpe;U;
1982;Järpe;W;560
1982;Järpe;X;1790
1982;Järpe;Y;3300
1982;Järpe;Z;1400
1982;Kricka;AC;1600
1982;Kricka;BD;2700
1982;Kricka;S;30
1982;Kricka;T;100
1982;Kricka;U;160
1982;Kricka;W;40
1982;Kricka;X;110
1982;Kricka;Y;380
1982;Kricka;Z;
1982;Mink;AC;2300
1982;Mink;BD;5500
1982;Mink;S;560
1982;Mink;T;300
1982;Mink;U;570
1982;Mink;W;1160
1982;Mink;X;1920
1982;Mink;Y;780
1982;Mink;Z;1500
1982;Morkulla;AC;300
1982;Morkulla;BD;120
1982;Morkulla;S;1930
1982;Morkulla;T;1000
1982;Morkulla;U;600
1982;Morkulla;W;1100
1982;Morkulla;X;1290
1982;Morkulla;Y;450
1982;Morkulla;Z;400
1982;Mård;AC;1200
1982;Mård;BD;880
1982;Mård;S;70
1982;Mård;T;10
1982;Mård;U;10
1982;Mård;W;450
1982;Mård;X;480
1982;Mård;Y;1000
1982;Mård;Z;1500
1982;Nötskrika;AC;900
1982;Nötskrika;BD;540
1982;Nötskrika;S;1230
1982;Nötskrika;T;1000
1982;Nötskrika;U;840
1982;Nötskrika;W;1000
1982;Nötskrika;X;2270
1982;Nötskrika;Y;800
1982;Nötskrika;Z;350
1982;Orre;AC;11000
1982;Orre;BD;18750
1982;Orre;S;940
1982;Orre;T;500
1982;Orre;U;70
1982;Orre;W;1400
1982;Orre;X;2620
1982;Orre;Y;2900
1982;Orre;Z;3000
1982;Rådjur;AC;300
1982;Rådjur;BD;50
1982;Rådjur;S;7840
1982;Rådjur;T;4400
1982;Rådjur;U;6140
1982;Rådjur;W;5900
1982;Rådjur;X;5050
1982;Rådjur;Y;950
1982;Rådjur;Z;850
1982;Rödräv;AC;4000
1982;Rödräv;BD;3550
1982;Rödräv;S;2980
1982;Rödräv;T;1100
1982;Rödräv;U;1720
1982;Rödräv;W;2250
1982;Rödräv;X;1840
1982;Rödräv;Y;600
1982;Rödräv;Z;1400
1982;Skogshare;AC;18000
1982;Skogshare;BD;27360
1982;Skogshare;S;6460
1982;Skogshare;T;3300
1982;Skogshare;U;1590
1982;Skogshare;W;7700
1982;Skogshare;X;9200
1982;Skogshare;Y;9800
1982;Skogshare;Z;11500
1982;Tjäder;AC;6000
1982;Tjäder;BD;11450
1982;Tjäder;S;470
1982;Tjäder;T;200
1982;Tjäder;U;30
1982;Tjäder;W;850
1982;Tjäder;X;1780
1982;Tjäder;Y;1700
1982;Tjäder;Z;2300
1983;Bäver;AC;300
1983;Bäver;BD;
1983;Bäver;S;483
1983;Bäver;T;300
1983;Bäver;U;
1983;Bäver;W;350
1983;Bäver;X;
1983;Bäver;Y;1400
1983;Bäver;Z;2000
1983;Gräsand;AC;6400
1983;Gräsand;BD;9300
1983;Gräsand;S;1060
1983;Gräsand;T;1500
1983;Gräsand;U;3000
1983;Gräsand;W;1150
1983;Gräsand;X;3800
1983;Gräsand;Y;1700
1983;Gräsand;Z;400
1983;Grävling;AC;80
1983;Grävling;BD;10
1983;Grävling;S;1380
1983;Grävling;T;700
1983;Grävling;U;950
1983;Grävling;W;700
1983;Grävling;X;850
1983;Grävling;Y;500
1983;Grävling;Z;400
1983;Järpe;AC;8600
1983;Järpe;BD;16000
1983;Järpe;S;180
1983;Järpe;T;100
1983;Järpe;U;50
1983;Järpe;W;800
1983;Järpe;X;2600
1983;Järpe;Y;3800
1983;Järpe;Z;2000
1983;Kricka;AC;1800
1983;Kricka;BD;2000
1983;Kricka;S;
1983;Kricka;T;100
1983;Kricka;U;60
1983;Kricka;W;100
1983;Kricka;X;180
1983;Kricka;Y;150
1983;Kricka;Z;
1983;Mink;AC;2600
1983;Mink;BD;4150
1983;Mink;S;680
1983;Mink;T;250
1983;Mink;U;920
1983;Mink;W;1200
1983;Mink;X;2100
1983;Mink;Y;1400
1983;Mink;Z;2000
1983;Morkulla;AC;600
1983;Morkulla;BD;200
1983;Morkulla;S;1650
1983;Morkulla;T;900
1983;Morkulla;U;1290
1983;Morkulla;W;1450
1983;Morkulla;X;1800
1983;Morkulla;Y;1000
1983;Morkulla;Z;450
1983;Mård;AC;1500
1983;Mård;BD;1400
1983;Mård;S;60
1983;Mård;T;10
1983;Mård;U;20
1983;Mård;W;450
1983;Mård;X;670
1983;Mård;Y;1200
1983;Mård;Z;1900
1983;Nötskrika;AC;1300
1983;Nötskrika;BD;500
1983;Nötskrika;S;1220
1983;Nötskrika;T;1000
1983;Nötskrika;U;890
1983;Nötskrika;W;1300
1983;Nötskrika;X;1550
1983;Nötskrika;Y;1300
1983;Nötskrika;Z;250
1983;Orre;AC;11400
1983;Orre;BD;13150
1983;Orre;S;1440
1983;Orre;T;750
1983;Orre;U;290
1983;Orre;W;2500
1983;Orre;X;4300
1983;Orre;Y;5000
1983;Orre;Z;3800
1983;Rådjur;AC;400
1983;Rådjur;BD;50
1983;Rådjur;S;8560
1983;Rådjur;T;5100
1983;Rådjur;U;8570
1983;Rådjur;W;6700
1983;Rådjur;X;5900
1983;Rådjur;Y;1300
1983;Rådjur;Z;680
1983;Rödräv;AC;3300
1983;Rödräv;BD;4260
1983;Rödräv;S;3180
1983;Rödräv;T;1200
1983;Rödräv;U;1250
1983;Rödräv;W;1650
1983;Rödräv;X;900
1983;Rödräv;Y;500
1983;Rödräv;Z;1000
1983;Skogshare;AC;23500
1983;Skogshare;BD;24660
1983;Skogshare;S;7330
1983;Skogshare;T;3300
1983;Skogshare;U;2610
1983;Skogshare;W;9850
1983;Skogshare;X;14500
1983;Skogshare;Y;19000
1983;Skogshare;Z;16700
1983;Tjäder;AC;6000
1983;Tjäder;BD;8200
1983;Tjäder;S;540
1983;Tjäder;T;250
1983;Tjäder;U;90
1983;Tjäder;W;1200
1983;Tjäder;X;3300
1983;Tjäder;Y;2500
1983;Tjäder;Z;3300
1984;Bäver;AC;350
1984;Bäver;BD;
1984;Bäver;S;607
1984;Bäver;T;350
1984;Bäver;U;
1984;Bäver;W;397
1984;Bäver;X;
1984;Bäver;Y;1400
1984;Bäver;Z;1200
1984;Gräsand;AC;6900
1984;Gräsand;BD;10570
1984;Gräsand;S;1275
1984;Gräsand;T;1600
1984;Gräsand;U;1802
1984;Gräsand;W;1178
1984;Gräsand;X;3290
1984;Gräsand;Y;1700
1984;Gräsand;Z;250
1984;Grävling;AC;110
1984;Grävling;BD;10
1984;Grävling;S;1090
1984;Grävling;T;950
1984;Grävling;U;640
1984;Grävling;W;1400
1984;Grävling;X;1170
1984;Grävling;Y;500
1984;Grävling;Z;275
1984;Järpe;AC;6200
1984;Järpe;BD;13900
1984;Järpe;S;157
1984;Järpe;T;100
1984;Järpe;U;78
1984;Järpe;W;1150
1984;Järpe;X;2600
1984;Järpe;Y;5700
1984;Järpe;Z;3000
1984;Kricka;AC;2100
1984;Kricka;BD;2400
1984;Kricka;S;103
1984;Kricka;T;100
1984;Kricka;U;82
1984;Kricka;W;85
1984;Kricka;X;160
1984;Kricka;Y;50
1984;Kricka;Z;
1984;Mink;AC;750
1984;Mink;BD;3660
1984;Mink;S;915
1984;Mink;T;400
1984;Mink;U;782
1984;Mink;W;1654
1984;Mink;X;3148
1984;Mink;Y;1000
1984;Mink;Z;3000
1984;Morkulla;AC;400
1984;Morkulla;BD;250
1984;Morkulla;S;1930
1984;Morkulla;T;1200
1984;Morkulla;U;855
1984;Morkulla;W;1453
1984;Morkulla;X;1900
1984;Morkulla;Y;1300
1984;Morkulla;Z;550
1984;Mård;AC;1200
1984;Mård;BD;1270
1984;Mård;S;64
1984;Mård;T;50
1984;Mård;U;28
1984;Mård;W;449
1984;Mård;X;1060
1984;Mård;Y;1100
1984;Mård;Z;1700
1984;Nötskrika;AC;1000
1984;Nötskrika;BD;600
1984;Nötskrika;S;1250
1984;Nötskrika;T;1300
1984;Nötskrika;U;650
1984;Nötskrika;W;1709
1984;Nötskrika;X;2600
1984;Nötskrika;Y;1400
1984;Nötskrika;Z;350
1984;Orre;AC;14000
1984;Orre;BD;10600
1984;Orre;S;1720
1984;Orre;T;1200
1984;Orre;U;282
1984;Orre;W;3263
1984;Orre;X;5600
1984;Orre;Y;11000
1984;Orre;Z;7500
1984;Rådjur;AC;400
1984;Rådjur;BD;50
1984;Rådjur;S;11060
1984;Rådjur;T;6100
1984;Rådjur;U;7012
1984;Rådjur;W;8376
1984;Rådjur;X;6920
1984;Rådjur;Y;1600
1984;Rådjur;Z;1600
1984;Rödräv;AC;2800
1984;Rödräv;BD;4540
1984;Rödräv;S;2560
1984;Rödräv;T;800
1984;Rödräv;U;510
1984;Rödräv;W;1819
1984;Rödräv;X;620
1984;Rödräv;Y;600
1984;Rödräv;Z;1000
1984;Skogshare;AC;28700
1984;Skogshare;BD;23900
1984;Skogshare;S;9660
1984;Skogshare;T;4400
1984;Skogshare;U;2385
1984;Skogshare;W;14244
1984;Skogshare;X;20418
1984;Skogshare;Y;30700
1984;Skogshare;Z;23500
1984;Tjäder;AC;12100
1984;Tjäder;BD;7200
1984;Tjäder;S;1155
1984;Tjäder;T;350
1984;Tjäder;U;100
1984;Tjäder;W;2486
1984;Tjäder;X;4200
1984;Tjäder;Y;6500
1984;Tjäder;Z;11000
1985;Bäver;AC;370
1985;Bäver;BD;
1985;Bäver;S;510
1985;Bäver;T;250
1985;Bäver;U;
1985;Bäver;W;166
1985;Bäver;X;
1985;Bäver;Y;
1985;Bäver;Z;1300
1985;Gräsand;AC;5500
1985;Gräsand;BD;10550
1985;Gräsand;S;1200
1985;Gräsand;T;1250
1985;Gräsand;U;1685
1985;Gräsand;W;745
1985;Gräsand;X;1800
1985;Gräsand;Y;931
1985;Gräsand;Z;60
1985;Grävling;AC;170
1985;Grävling;BD;10
1985;Grävling;S;1700
1985;Grävling;T;550
1985;Grävling;U;965
1985;Grävling;W;1107
1985;Grävling;X;1050
1985;Grävling;Y;680
1985;Grävling;Z;175
1985;Järpe;AC;4200
1985;Järpe;BD;14270
1985;Järpe;S;160
1985;Järpe;T;100
1985;Järpe;U;37
1985;Järpe;W;640
1985;Järpe;X;1580
1985;Järpe;Y;
1985;Järpe;Z;1800
1985;Kricka;AC;2600
1985;Kricka;BD;2560
1985;Kricka;S;60
1985;Kricka;T;100
1985;Kricka;U;10
1985;Kricka;W;23
1985;Kricka;X;110
1985;Kricka;Y;16
1985;Kricka;Z;
1985;Mink;AC;2380
1985;Mink;BD;3380
1985;Mink;S;1145
1985;Mink;T;600
1985;Mink;U;1325
1985;Mink;W;2215
1985;Mink;X;2890
1985;Mink;Y;1370
1985;Mink;Z;2300
1985;Morkulla;AC;400
1985;Morkulla;BD;200
1985;Morkulla;S;1835
1985;Morkulla;T;1800
1985;Morkulla;U;965
1985;Morkulla;W;1540
1985;Morkulla;X;1400
1985;Morkulla;Y;680
1985;Morkulla;Z;500
1985;Mård;AC;2100
1985;Mård;BD;1910
1985;Mård;S;80
1985;Mård;T;90
1985;Mård;U;85
1985;Mård;W;700
1985;Mård;X;950
1985;Mård;Y;1430
1985;Mård;Z;2400
1985;Nötskrika;AC;900
1985;Nötskrika;BD;790
1985;Nötskrika;S;1805
1985;Nötskrika;T;1000
1985;Nötskrika;U;637
1985;Nötskrika;W;679
1985;Nötskrika;X;1480
1985;Nötskrika;Y;850
1985;Nötskrika;Z;250
1985;Orre;AC;9400
1985;Orre;BD;10850
1985;Orre;S;1515
1985;Orre;T;1350
1985;Orre;U;417
1985;Orre;W;2614
1985;Orre;X;3200
1985;Orre;Y;4860
1985;Orre;Z;6500
1985;Rådjur;AC;360
1985;Rådjur;BD;80
1985;Rådjur;S;7870
1985;Rådjur;T;4800
1985;Rådjur;U;6790
1985;Rådjur;W;6392
1985;Rådjur;X;4650
1985;Rådjur;Y;1180
1985;Rådjur;Z;1300
1985;Rödräv;AC;3100
1985;Rödräv;BD;5560
1985;Rödräv;S;2775
1985;Rödräv;T;500
1985;Rödräv;U;187
1985;Rödräv;W;1340
1985;Rödräv;X;350
1985;Rödräv;Y;380
1985;Rödräv;Z;800
1985;Skogshare;AC;33200
1985;Skogshare;BD;26100
1985;Skogshare;S;10730
1985;Skogshare;T;4750
1985;Skogshare;U;3785
1985;Skogshare;W;11597
1985;Skogshare;X;14440
1985;Skogshare;Y;20490
1985;Skogshare;Z;21500
1985;Tjäder;AC;5800
1985;Tjäder;BD;8170
1985;Tjäder;S;1030
1985;Tjäder;T;500
1985;Tjäder;U;180
1985;Tjäder;W;2594
1985;Tjäder;X;2820
1985;Tjäder;Y;3530
1985;Tjäder;Z;6500
1986;Bäver;AC;350
1986;Bäver;BD;
1986;Bäver;S;620
1986;Bäver;T;300
1986;Bäver;U;
1986;Bäver;W;250
1986;Bäver;X;30
1986;Bäver;Y;890
1986;Bäver;Z;1300
1986;Gräsand;AC;4100
1986;Gräsand;BD;11700
1986;Gräsand;S;1130
1986;Gräsand;T;1400
1986;Gräsand;U;1200
1986;Gräsand;W;1010
1986;Gräsand;X;1880
1986;Gräsand;Y;800
1986;Gräsand;Z;200
1986;Grävling;AC;200
1986;Grävling;BD;10
1986;Grävling;S;2370
1986;Grävling;T;750
1986;Grävling;U;910
1986;Grävling;W;1290
1986;Grävling;X;1100
1986;Grävling;Y;400
1986;Grävling;Z;450
1986;Järpe;AC;7200
1986;Järpe;BD;12000
1986;Järpe;S;360
1986;Järpe;T;150
1986;Järpe;U;5
1986;Järpe;W;860
1986;Järpe;X;2230
1986;Järpe;Y;3240
1986;Järpe;Z;2400
1986;Kricka;AC;700
1986;Kricka;BD;2100
1986;Kricka;S;70
1986;Kricka;T;80
1986;Kricka;U;20
1986;Kricka;W;80
1986;Kricka;X;70
1986;Kricka;Y;70
1986;Kricka;Z;
1986;Mink;AC;1800
1986;Mink;BD;4100
1986;Mink;S;1530
1986;Mink;T;600
1986;Mink;U;1150
1986;Mink;W;1480
1986;Mink;X;2130
1986;Mink;Y;890
1986;Mink;Z;1800
1986;Morkulla;AC;200
1986;Morkulla;BD;400
1986;Morkulla;S;1500
1986;Morkulla;T;1000
1986;Morkulla;U;650
1986;Morkulla;W;1360
1986;Morkulla;X;780
1986;Morkulla;Y;380
1986;Morkulla;Z;600
1986;Mård;AC;2000
1986;Mård;BD;1500
1986;Mård;S;130
1986;Mård;T;100
1986;Mård;U;90
1986;Mård;W;630
1986;Mård;X;1070
1986;Mård;Y;1220
1986;Mård;Z;2100
1986;Nötskrika;AC;700
1986;Nötskrika;BD;1100
1986;Nötskrika;S;1540
1986;Nötskrika;T;400
1986;Nötskrika;U;1230
1986;Nötskrika;W;1400
1986;Nötskrika;X;1860
1986;Nötskrika;Y;850
1986;Nötskrika;Z;250
1986;Orre;AC;13000
1986;Orre;BD;11000
1986;Orre;S;2940
1986;Orre;T;2100
1986;Orre;U;450
1986;Orre;W;3910
1986;Orre;X;4170
1986;Orre;Y;4780
1986;Orre;Z;8900
1986;Rådjur;AC;500
1986;Rådjur;BD;200
1986;Rådjur;S;8100
1986;Rådjur;T;4500
1986;Rådjur;U;6200
1986;Rådjur;W;4900
1986;Rådjur;X;3900
1986;Rådjur;Y;1000
1986;Rådjur;Z;800
1986;Rödräv;AC;2200
1986;Rödräv;BD;3700
1986;Rödräv;S;970
1986;Rödräv;T;300
1986;Rödräv;U;170
1986;Rödräv;W;790
1986;Rödräv;X;540
1986;Rödräv;Y;580
1986;Rödräv;Z;1100
1986;Skogshare;AC;26000
1986;Skogshare;BD;24900
1986;Skogshare;S;12010
1986;Skogshare;T;4900
1986;Skogshare;U;3660
1986;Skogshare;W;10760
1986;Skogshare;X;14900
1986;Skogshare;Y;17700
1986;Skogshare;Z;15000
1986;Tjäder;AC;8000
1986;Tjäder;BD;9000
1986;Tjäder;S;1990
1986;Tjäder;T;700
1986;Tjäder;U;154
1986;Tjäder;W;2790
1986;Tjäder;X;3490
1986;Tjäder;Y;3250
1986;Tjäder;Z;6000
1987;Bäver;AC;400
1987;Bäver;BD;
1987;Bäver;S;760
1987;Bäver;T;400
1987;Bäver;U;
1987;Bäver;W;470
1987;Bäver;X;37
1987;Bäver;Y;1350
1987;Bäver;Z;1400
1987;Gräsand;AC;5000
1987;Gräsand;BD;10000
1987;Gräsand;S;1120
1987;Gräsand;T;1000
1987;Gräsand;U;1260
1987;Gräsand;W;1450
1987;Gräsand;X;1900
1987;Gräsand;Y;840
1987;Gräsand;Z;200
1987;Grävling;AC;600
1987;Grävling;BD;50
1987;Grävling;S;1780
1987;Grävling;T;1100
1987;Grävling;U;860
1987;Grävling;W;1070
1987;Grävling;X;1100
1987;Grävling;Y;1050
1987;Grävling;Z;340
1987;Järpe;AC;3000
1987;Järpe;BD;10000
1987;Järpe;S;430
1987;Järpe;T;200
1987;Järpe;U;83
1987;Järpe;W;1210
1987;Järpe;X;2000
1987;Järpe;Y;2200
1987;Järpe;Z;2600
1987;Kricka;AC;700
1987;Kricka;BD;2000
1987;Kricka;S;53
1987;Kricka;T;50
1987;Kricka;U;45
1987;Kricka;W;86
1987;Kricka;X;60
1987;Kricka;Y;50
1987;Kricka;Z;
1987;Mink;AC;1300
1987;Mink;BD;3700
1987;Mink;S;2220
1987;Mink;T;800
1987;Mink;U;1260
1987;Mink;W;2340
1987;Mink;X;1700
1987;Mink;Y;970
1987;Mink;Z;3500
1987;Morkulla;AC;500
1987;Morkulla;BD;500
1987;Morkulla;S;2180
1987;Morkulla;T;1200
1987;Morkulla;U;780
1987;Morkulla;W;1800
1987;Morkulla;X;1200
1987;Morkulla;Y;860
1987;Morkulla;Z;500
1987;Mård;AC;1600
1987;Mård;BD;1100
1987;Mård;S;200
1987;Mård;T;200
1987;Mård;U;230
1987;Mård;W;882
1987;Mård;X;900
1987;Mård;Y;1200
1987;Mård;Z;2900
1987;Nötskrika;AC;600
1987;Nötskrika;BD;1000
1987;Nötskrika;S;1350
1987;Nötskrika;T;600
1987;Nötskrika;U;570
1987;Nötskrika;W;1090
1987;Nötskrika;X;1200
1987;Nötskrika;Y;1200
1987;Nötskrika;Z;450
1987;Orre;AC;8000
1987;Orre;BD;10100
1987;Orre;S;2790
1987;Orre;T;2000
1987;Orre;U;140
1987;Orre;W;4490
1987;Orre;X;4200
1987;Orre;Y;4800
1987;Orre;Z;6600
1987;Rådjur;AC;85
1987;Rådjur;BD;150
1987;Rådjur;S;8170
1987;Rådjur;T;5300
1987;Rådjur;U;8250
1987;Rådjur;W;7260
1987;Rådjur;X;5200
1987;Rådjur;Y;1530
1987;Rådjur;Z;1200
1987;Rödräv;AC;3000
1987;Rödräv;BD;4000
1987;Rödräv;S;1150
1987;Rödräv;T;400
1987;Rödräv;U;300
1987;Rödräv;W;1580
1987;Rödräv;X;1230
1987;Rödräv;Y;1000
1987;Rödräv;Z;1500
1987;Skogshare;AC;20000
1987;Skogshare;BD;25000
1987;Skogshare;S;17280
1987;Skogshare;T;6200
1987;Skogshare;U;3450
1987;Skogshare;W;16120
1987;Skogshare;X;14500
1987;Skogshare;Y;18300
1987;Skogshare;Z;17000
1987;Tjäder;AC;5000
1987;Tjäder;BD;9500
1987;Tjäder;S;1890
1987;Tjäder;T;800
1987;Tjäder;U;73
1987;Tjäder;W;3850
1987;Tjäder;X;3400
1987;Tjäder;Y;2700
1987;Tjäder;Z;4600
1988;Bäver;AC;700
1988;Bäver;BD;
1988;Bäver;S;680
1988;Bäver;T;400
1988;Bäver;U;5
1988;Bäver;W;600
1988;Bäver;X;60
1988;Bäver;Y;1500
1988;Bäver;Z;1500
1988;Gräsand;AC;4900
1988;Gräsand;BD;12000
1988;Gräsand;S;600
1988;Gräsand;T;1000
1988;Gräsand;U;1300
1988;Gräsand;W;1200
1988;Gräsand;X;1700
1988;Gräsand;Y;1100
1988;Gräsand;Z;100
1988;Grävling;AC;800
1988;Grävling;BD;100
1988;Grävling;S;2000
1988;Grävling;T;1200
1988;Grävling;U;900
1988;Grävling;W;1200
1988;Grävling;X;1300
1988;Grävling;Y;900
1988;Grävling;Z;600
1988;Järpe;AC;4000
1988;Järpe;BD;11000
1988;Järpe;S;300
1988;Järpe;T;200
1988;Järpe;U;
1988;Järpe;W;700
1988;Järpe;X;1400
1988;Järpe;Y;1800
1988;Järpe;Z;1600
1988;Kricka;AC;1000
1988;Kricka;BD;2100
1988;Kricka;S;30
1988;Kricka;T;200
1988;Kricka;U;10
1988;Kricka;W;100
1988;Kricka;X;70
1988;Kricka;Y;40
1988;Kricka;Z;
1988;Mink;AC;1700
1988;Mink;BD;3700
1988;Mink;S;2600
1988;Mink;T;800
1988;Mink;U;1000
1988;Mink;W;2200
1988;Mink;X;2700
1988;Mink;Y;1500
1988;Mink;Z;3000
1988;Morkulla;AC;400
1988;Morkulla;BD;500
1988;Morkulla;S;2000
1988;Morkulla;T;1400
1988;Morkulla;U;800
1988;Morkulla;W;1000
1988;Morkulla;X;800
1988;Morkulla;Y;600
1988;Morkulla;Z;400
1988;Mård;AC;2200
1988;Mård;BD;1000
1988;Mård;S;400
1988;Mård;T;300
1988;Mård;U;300
1988;Mård;W;900
1988;Mård;X;1200
1988;Mård;Y;1600
1988;Mård;Z;2000
1988;Nötskrika;AC;600
1988;Nötskrika;BD;700
1988;Nötskrika;S;1500
1988;Nötskrika;T;700
1988;Nötskrika;U;600
1988;Nötskrika;W;900
1988;Nötskrika;X;2200
1988;Nötskrika;Y;1000
1988;Nötskrika;Z;200
1988;Orre;AC;7200
1988;Orre;BD;8500
1988;Orre;S;2300
1988;Orre;T;1000
1988;Orre;U;100
1988;Orre;W;2800
1988;Orre;X;3200
1988;Orre;Y;3800
1988;Orre;Z;3500
1988;Rådjur;AC;500
1988;Rådjur;BD;200
1988;Rådjur;S;8500
1988;Rådjur;T;6000
1988;Rådjur;U;10100
1988;Rådjur;W;6100
1988;Rådjur;X;5100
1988;Rådjur;Y;1400
1988;Rådjur;Z;900
1988;Rödräv;AC;2800
1988;Rödräv;BD;4000
1988;Rödräv;S;1200
1988;Rödräv;T;400
1988;Rödräv;U;500
1988;Rödräv;W;1600
1988;Rödräv;X;1830
1988;Rödräv;Y;1700
1988;Rödräv;Z;2000
1988;Skogshare;AC;27500
1988;Skogshare;BD;24300
1988;Skogshare;S;12200
1988;Skogshare;T;6500
1988;Skogshare;U;2400
1988;Skogshare;W;9000
1988;Skogshare;X;10100
1988;Skogshare;Y;13300
1988;Skogshare;Z;14000
1988;Tjäder;AC;6900
1988;Tjäder;BD;9700
1988;Tjäder;S;1500
1988;Tjäder;T;600
1988;Tjäder;U;43
1988;Tjäder;W;3200
1988;Tjäder;X;2600
1988;Tjäder;Y;2200
1988;Tjäder;Z;3000
1989;Bäver;AC;800
1989;Bäver;BD;
1989;Bäver;S;700
1989;Bäver;T;400
1989;Bäver;U;10
1989;Bäver;W;700
1989;Bäver;X;80
1989;Bäver;Y;1300
1989;Bäver;Z;1400
1989;Gräsand;AC;6500
1989;Gräsand;BD;11400
1989;Gräsand;S;700
1989;Gräsand;T;1400
1989;Gräsand;U;1100
1989;Gräsand;W;1700
1989;Gräsand;X;1500
1989;Gräsand;Y;1100
1989;Gräsand;Z;200
1989;Grävling;AC;800
1989;Grävling;BD;100
1989;Grävling;S;1800
1989;Grävling;T;700
1989;Grävling;U;800
1989;Grävling;W;900
1989;Grävling;X;1100
1989;Grävling;Y;1000
1989;Grävling;Z;600
1989;Järpe;AC;5400
1989;Järpe;BD;12600
1989;Järpe;S;200
1989;Järpe;T;100
1989;Järpe;U;100
1989;Järpe;W;1100
1989;Järpe;X;1200
1989;Järpe;Y;1500
1989;Järpe;Z;1100
1989;Kricka;AC;1900
1989;Kricka;BD;2500
1989;Kricka;S;30
1989;Kricka;T;200
1989;Kricka;U;20
1989;Kricka;W;100
1989;Kricka;X;40
1989;Kricka;Y;20
1989;Kricka;Z;
1989;Mink;AC;1700
1989;Mink;BD;3300
1989;Mink;S;1700
1989;Mink;T;900
1989;Mink;U;700
1989;Mink;W;1500
1989;Mink;X;1800
1989;Mink;Y;800
1989;Mink;Z;2000
1989;Morkulla;AC;800
1989;Morkulla;BD;400
1989;Morkulla;S;2100
1989;Morkulla;T;700
1989;Morkulla;U;600
1989;Morkulla;W;1600
1989;Morkulla;X;800
1989;Morkulla;Y;800
1989;Morkulla;Z;300
1989;Mård;AC;1600
1989;Mård;BD;900
1989;Mård;S;600
1989;Mård;T;400
1989;Mård;U;200
1989;Mård;W;1000
1989;Mård;X;800
1989;Mård;Y;1200
1989;Mård;Z;1600
1989;Nötskrika;AC;400
1989;Nötskrika;BD;1000
1989;Nötskrika;S;1400
1989;Nötskrika;T;800
1989;Nötskrika;U;500
1989;Nötskrika;W;1400
1989;Nötskrika;X;1300
1989;Nötskrika;Y;700
1989;Nötskrika;Z;300
1989;Orre;AC;8000
1989;Orre;BD;12100
1989;Orre;S;2300
1989;Orre;T;1100
1989;Orre;U;200
1989;Orre;W;3300
1989;Orre;X;2900
1989;Orre;Y;2700
1989;Orre;Z;3100
1989;Rådjur;AC;900
1989;Rådjur;BD;100
1989;Rådjur;S;10300
1989;Rådjur;T;8100
1989;Rådjur;U;9500
1989;Rådjur;W;5900
1989;Rådjur;X;5300
1989;Rådjur;Y;1900
1989;Rådjur;Z;900
1989;Rödräv;AC;2800
1989;Rödräv;BD;2700
1989;Rödräv;S;1100
1989;Rödräv;T;400
1989;Rödräv;U;600
1989;Rödräv;W;1200
1989;Rödräv;X;1000
1989;Rödräv;Y;1000
1989;Rödräv;Z;1000
1989;Skogshare;AC;25100
1989;Skogshare;BD;26300
1989;Skogshare;S;11700
1989;Skogshare;T;5200
1989;Skogshare;U;2100
1989;Skogshare;W;8900
1989;Skogshare;X;9500
1989;Skogshare;Y;10400
1989;Skogshare;Z;11800
1989;Tjäder;AC;5300
1989;Tjäder;BD;9400
1989;Tjäder;S;1500
1989;Tjäder;T;500
1989;Tjäder;U;200
1989;Tjäder;W;3100
1989;Tjäder;X;2100
1989;Tjäder;Y;1400
1989;Tjäder;Z;3000
1990;Bäver;AC;900
1990;Bäver;BD;
1990;Bäver;S;1100
1990;Bäver;T;400
1990;Bäver;U;10
1990;Bäver;W;700
1990;Bäver;X;100
1990;Bäver;Y;1400
1990;Bäver;Z;1400
1990;Gräsand;AC;5200
1990;Gräsand;BD;10000
1990;Gräsand;S;800
1990;Gräsand;T;2100
1990;Gräsand;U;1800
1990;Gräsand;W;1200
1990;Gräsand;X;1900
1990;Gräsand;Y;600
1990;Gräsand;Z;
1990;Grävling;AC;800
1990;Grävling;BD;100
1990;Grävling;S;1800
1990;Grävling;T;700
1990;Grävling;U;900
1990;Grävling;W;1100
1990;Grävling;X;1300
1990;Grävling;Y;1000
1990;Grävling;Z;600
1990;Järpe;AC;5400
1990;Järpe;BD;12800
1990;Järpe;S;300
1990;Järpe;T;100
1990;Järpe;U;100
1990;Järpe;W;700
1990;Järpe;X;1800
1990;Järpe;Y;1600
1990;Järpe;Z;1400
1990;Kricka;AC;1200
1990;Kricka;BD;2200
1990;Kricka;S;20
1990;Kricka;T;250
1990;Kricka;U;30
1990;Kricka;W;75
1990;Kricka;X;70
1990;Kricka;Y;100
1990;Kricka;Z;
1990;Mink;AC;1700
1990;Mink;BD;4800
1990;Mink;S;1400
1990;Mink;T;900
1990;Mink;U;700
1990;Mink;W;1700
1990;Mink;X;1800
1990;Mink;Y;800
1990;Mink;Z;1900
1990;Morkulla;AC;300
1990;Morkulla;BD;400
1990;Morkulla;S;2800
1990;Morkulla;T;1800
1990;Morkulla;U;1100
1990;Morkulla;W;2000
1990;Morkulla;X;1700
1990;Morkulla;Y;1200
1990;Morkulla;Z;800
1990;Mård;AC;1700
1990;Mård;BD;1100
1990;Mård;S;700
1990;Mård;T;500
1990;Mård;U;300
1990;Mård;W;800
1990;Mård;X;1300
1990;Mård;Y;1100
1990;Mård;Z;2400
1990;Nötskrika;AC;1100
1990;Nötskrika;BD;1100
1990;Nötskrika;S;1500
1990;Nötskrika;T;1400
1990;Nötskrika;U;800
1990;Nötskrika;W;1700
1990;Nötskrika;X;2000
1990;Nötskrika;Y;500
1990;Nötskrika;Z;60
1990;Orre;AC;14500
1990;Orre;BD;13500
1990;Orre;S;2000
1990;Orre;T;1200
1990;Orre;U;300
1990;Orre;W;3100
1990;Orre;X;3900
1990;Orre;Y;2800
1990;Orre;Z;3400
1990;Rådjur;AC;1000
1990;Rådjur;BD;300
1990;Rådjur;S;14800
1990;Rådjur;T;10700
1990;Rådjur;U;12400
1990;Rådjur;W;9900
1990;Rådjur;X;10300
1990;Rådjur;Y;3300
1990;Rådjur;Z;2000
1990;Rödräv;AC;3900
1990;Rödräv;BD;5200
1990;Rödräv;S;1700
1990;Rödräv;T;800
1990;Rödräv;U;900
1990;Rödräv;W;2000
1990;Rödräv;X;1600
1990;Rödräv;Y;1100
1990;Rödräv;Z;1400
1990;Skogshare;AC;20900
1990;Skogshare;BD;25600
1990;Skogshare;S;9500
1990;Skogshare;T;4400
1990;Skogshare;U;1800
1990;Skogshare;W;7400
1990;Skogshare;X;11500
1990;Skogshare;Y;9500
1990;Skogshare;Z;10900
1990;Tjäder;AC;8400
1990;Tjäder;BD;12800
1990;Tjäder;S;1200
1990;Tjäder;T;600
1990;Tjäder;U;100
1990;Tjäder;W;2800
1990;Tjäder;X;3300
1990;Tjäder;Y;1900
1990;Tjäder;Z;3700
1991;Bäver;AC;800
1991;Bäver;BD;
1991;Bäver;S;1400
1991;Bäver;T;400
1991;Bäver;U;
1991;Bäver;W;900
1991;Bäver;X;200
1991;Bäver;Y;1400
1991;Bäver;Z;1500
1991;Gräsand;AC;4700
1991;Gräsand;BD;15000
1991;Gräsand;S;900
1991;Gräsand;T;1400
1991;Gräsand;U;1500
1991;Gräsand;W;1000
1991;Gräsand;X;2100
1991;Gräsand;Y;500
1991;Gräsand;Z;100
1991;Grävling;AC;800
1991;Grävling;BD;100
1991;Grävling;S;1700
1991;Grävling;T;1000
1991;Grävling;U;900
1991;Grävling;W;1000
1991;Grävling;X;1500
1991;Grävling;Y;1400
1991;Grävling;Z;900
1991;Järpe;AC;4600
1991;Järpe;BD;13100
1991;Järpe;S;300
1991;Järpe;T;70
1991;Järpe;U;100
1991;Järpe;W;300
1991;Järpe;X;1100
1991;Järpe;Y;900
1991;Järpe;Z;1200
1991;Kricka;AC;900
1991;Kricka;BD;3100
1991;Kricka;S;50
1991;Kricka;T;200
1991;Kricka;U;50
1991;Kricka;W;20
1991;Kricka;X;80
1991;Kricka;Y;30
1991;Kricka;Z;
1991;Mink;AC;1700
1991;Mink;BD;4300
1991;Mink;S;1500
1991;Mink;T;700
1991;Mink;U;700
1991;Mink;W;1100
1991;Mink;X;1900
1991;Mink;Y;800
1991;Mink;Z;1400
1991;Morkulla;AC;800
1991;Morkulla;BD;1100
1991;Morkulla;S;2900
1991;Morkulla;T;2000
1991;Morkulla;U;1100
1991;Morkulla;W;2100
1991;Morkulla;X;1900
1991;Morkulla;Y;1200
1991;Morkulla;Z;1600
1991;Mård;AC;1700
1991;Mård;BD;1000
1991;Mård;S;500
1991;Mård;T;400
1991;Mård;U;200
1991;Mård;W;600
1991;Mård;X;900
1991;Mård;Y;900
1991;Mård;Z;1900
1991;Nötskrika;AC;1300
1991;Nötskrika;BD;1100
1991;Nötskrika;S;1300
1991;Nötskrika;T;700
1991;Nötskrika;U;800
1991;Nötskrika;W;1500
1991;Nötskrika;X;1100
1991;Nötskrika;Y;500
1991;Nötskrika;Z;300
1991;Orre;AC;8700
1991;Orre;BD;11900
1991;Orre;S;1100
1991;Orre;T;450
1991;Orre;U;100
1991;Orre;W;2300
1991;Orre;X;2200
1991;Orre;Y;2200
1991;Orre;Z;2400
1991;Rådjur;AC;1200
1991;Rådjur;BD;300
1991;Rådjur;S;14700
1991;Rådjur;T;12100
1991;Rådjur;U;11700
1991;Rådjur;W;9100
1991;Rådjur;X;10000
1991;Rådjur;Y;3100
1991;Rådjur;Z;2100
1991;Rödräv;AC;5200
1991;Rödräv;BD;4300
1991;Rödräv;S;1600
1991;Rödräv;T;700
1991;Rödräv;U;750
1991;Rödräv;W;1800
1991;Rödräv;X;1500
1991;Rödräv;Y;1000
1991;Rödräv;Z;1400
1991;Skogshare;AC;18500
1991;Skogshare;BD;23400
1991;Skogshare;S;8000
1991;Skogshare;T;4500
1991;Skogshare;U;1700
1991;Skogshare;W;7200
1991;Skogshare;X;10500
1991;Skogshare;Y;8300
1991;Skogshare;Z;8800
1991;Tjäder;AC;5300
1991;Tjäder;BD;9000
1991;Tjäder;S;1000
1991;Tjäder;T;250
1991;Tjäder;U;50
1991;Tjäder;W;2100
1991;Tjäder;X;1800
1991;Tjäder;Y;1200
1991;Tjäder;Z;2700
1992;Bäver;AC;700
1992;Bäver;BD;
1992;Bäver;S;1300
1992;Bäver;T;500
1992;Bäver;U;
1992;Bäver;W;1000
1992;Bäver;X;200
1992;Bäver;Y;1300
1992;Bäver;Z;1500
1992;Gräsand;AC;4600
1992;Gräsand;BD;11200
1992;Gräsand;S;800
1992;Gräsand;T;1600
1992;Gräsand;U;1400
1992;Gräsand;W;1100
1992;Gräsand;X;1700
1992;Gräsand;Y;900
1992;Gräsand;Z;100
1992;Grävling;AC;400
1992;Grävling;BD;100
1992;Grävling;S;1000
1992;Grävling;T;700
1992;Grävling;U;1000
1992;Grävling;W;700
1992;Grävling;X;1300
1992;Grävling;Y;1000
1992;Grävling;Z;
1992;Järpe;AC;4800
1992;Järpe;BD;12500
1992;Järpe;S;200
1992;Järpe;T;60
1992;Järpe;U;50
1992;Järpe;W;300
1992;Järpe;X;1300
1992;Järpe;Y;800
1992;Järpe;Z;1200
1992;Kricka;AC;1100
1992;Kricka;BD;3000
1992;Kricka;S;60
1992;Kricka;T;200
1992;Kricka;U;50
1992;Kricka;W;200
1992;Kricka;X;100
1992;Kricka;Y;50
1992;Kricka;Z;
1992;Mink;AC;2100
1992;Mink;BD;4000
1992;Mink;S;1000
1992;Mink;T;600
1992;Mink;U;700
1992;Mink;W;1100
1992;Mink;X;1800
1992;Mink;Y;600
1992;Mink;Z;1500
1992;Morkulla;AC;700
1992;Morkulla;BD;1000
1992;Morkulla;S;1500
1992;Morkulla;T;1000
1992;Morkulla;U;900
1992;Morkulla;W;1600
1992;Morkulla;X;1600
1992;Morkulla;Y;1200
1992;Morkulla;Z;1700
1992;Mård;AC;1400
1992;Mård;BD;700
1992;Mård;S;500
1992;Mård;T;500
1992;Mård;U;200
1992;Mård;W;500
1992;Mård;X;800
1992;Mård;Y;800
1992;Mård;Z;2000
1992;Nötskrika;AC;2700
1992;Nötskrika;BD;1900
1992;Nötskrika;S;2300
1992;Nötskrika;T;900
1992;Nötskrika;U;800
1992;Nötskrika;W;2200
1992;Nötskrika;X;2800
1992;Nötskrika;Y;900
1992;Nötskrika;Z;300
1992;Orre;AC;10300
1992;Orre;BD;13500
1992;Orre;S;1600
1992;Orre;T;500
1992;Orre;U;100
1992;Orre;W;2200
1992;Orre;X;2600
1992;Orre;Y;2700
1992;Orre;Z;2500
1992;Rådjur;AC;1600
1992;Rådjur;BD;350
1992;Rådjur;S;15000
1992;Rådjur;T;13900
1992;Rådjur;U;13800
1992;Rådjur;W;12400
1992;Rådjur;X;13700
1992;Rådjur;Y;4800
1992;Rådjur;Z;2500
1992;Rödräv;AC;4000
1992;Rödräv;BD;4500
1992;Rödräv;S;1500
1992;Rödräv;T;800
1992;Rödräv;U;900
1992;Rödräv;W;1600
1992;Rödräv;X;1700
1992;Rödräv;Y;1000
1992;Rödräv;Z;1200
1992;Skogshare;AC;13700
1992;Skogshare;BD;24900
1992;Skogshare;S;6800
1992;Skogshare;T;2500
1992;Skogshare;U;1600
1992;Skogshare;W;4700
1992;Skogshare;X;6400
1992;Skogshare;Y;5600
1992;Skogshare;Z;7000
1992;Tjäder;AC;11100
1992;Tjäder;BD;12300
1992;Tjäder;S;1300
1992;Tjäder;T;300
1992;Tjäder;U;70
1992;Tjäder;W;2700
1992;Tjäder;X;2700
1992;Tjäder;Y;1700
1992;Tjäder;Z;3000
1993;Bäver;AC;700
1993;Bäver;BD;
1993;Bäver;S;1200
1993;Bäver;T;400
1993;Bäver;U;2
1993;Bäver;W;1300
1993;Bäver;X;100
1993;Bäver;Y;1400
1993;Bäver;Z;1500
1993;Gräsand;AC;4800
1993;Gräsand;BD;7700
1993;Gräsand;S;700
1993;Gräsand;T;1600
1993;Gräsand;U;1100
1993;Gräsand;W;1100
1993;Gräsand;X;1000
1993;Gräsand;Y;1100
1993;Gräsand;Z;100
1993;Grävling;AC;900
1993;Grävling;BD;100
1993;Grävling;S;1600
1993;Grävling;T;600
1993;Grävling;U;900
1993;Grävling;W;1000
1993;Grävling;X;1600
1993;Grävling;Y;1000
1993;Grävling;Z;
1993;Järpe;AC;8800
1993;Järpe;BD;15100
1993;Järpe;S;100
1993;Järpe;T;50
1993;Järpe;U;50
1993;Järpe;W;400
1993;Järpe;X;1000
1993;Järpe;Y;1500
1993;Järpe;Z;1500
1993;Kricka;AC;1300
1993;Kricka;BD;1700
1993;Kricka;S;100
1993;Kricka;T;200
1993;Kricka;U;40
1993;Kricka;W;20
1993;Kricka;X;30
1993;Kricka;Y;100
1993;Kricka;Z;
1993;Mink;AC;1700
1993;Mink;BD;2500
1993;Mink;S;1000
1993;Mink;T;300
1993;Mink;U;600
1993;Mink;W;1000
1993;Mink;X;1500
1993;Mink;Y;1000
1993;Mink;Z;1500
1993;Morkulla;AC;1300
1993;Morkulla;BD;1100
1993;Morkulla;S;1800
1993;Morkulla;T;1700
1993;Morkulla;U;900
1993;Morkulla;W;2000
1993;Morkulla;X;1800
1993;Morkulla;Y;1500
1993;Morkulla;Z;1500
1993;Mård;AC;900
1993;Mård;BD;700
1993;Mård;S;700
1993;Mård;T;300
1993;Mård;U;200
1993;Mård;W;900
1993;Mård;X;700
1993;Mård;Y;700
1993;Mård;Z;1500
1993;Nötskrika;AC;4200
1993;Nötskrika;BD;2900
1993;Nötskrika;S;1400
1993;Nötskrika;T;900
1993;Nötskrika;U;600
1993;Nötskrika;W;2400
1993;Nötskrika;X;1700
1993;Nötskrika;Y;500
1993;Nötskrika;Z;300
1993;Orre;AC;16400
1993;Orre;BD;18200
1993;Orre;S;1400
1993;Orre;T;200
1993;Orre;U;100
1993;Orre;W;2100
1993;Orre;X;2500
1993;Orre;Y;3200
1993;Orre;Z;2500
1993;Rådjur;AC;1700
1993;Rådjur;BD;400
1993;Rådjur;S;18400
1993;Rådjur;T;10900
1993;Rådjur;U;13000
1993;Rådjur;W;12700
1993;Rådjur;X;11900
1993;Rådjur;Y;2800
1993;Rådjur;Z;2500
1993;Rödräv;AC;3800
1993;Rödräv;BD;3500
1993;Rödräv;S;1900
1993;Rödräv;T;700
1993;Rödräv;U;1100
1993;Rödräv;W;2000
1993;Rödräv;X;1600
1993;Rödräv;Y;1400
1993;Rödräv;Z;1500
1993;Skogshare;AC;12500
1993;Skogshare;BD;17700
1993;Skogshare;S;4900
1993;Skogshare;T;1800
1993;Skogshare;U;1100
1993;Skogshare;W;5400
1993;Skogshare;X;5200
1993;Skogshare;Y;4600
1993;Skogshare;Z;5000
1993;Tjäder;AC;8100
1993;Tjäder;BD;10200
1993;Tjäder;S;900
1993;Tjäder;T;200
1993;Tjäder;U;100
1993;Tjäder;W;2500
1993;Tjäder;X;2100
1993;Tjäder;Y;1600
1993;Tjäder;Z;3000
1994;Skogshare;S;3900
1994;Bäver;S;1000
1994;Rödräv;S;2200
1994;Mink;S;1100
1994;Mård;S;500
1994;Grävling;S;1700
1994;Rådjur;S;11300
1994;Gräsand;S;700
1994;Kricka;S;50
1994;Järpe;S;100
1994;Orre;S;1400
1994;Tjäder;S;900
1994;Morkulla;S;1000
1994;Nötskrika;S;1600
1994;Skogshare;T;1600
1994;Bäver;T;500
1994;Rödräv;T;1300
1994;Mink;T;600
1994;Mård;T;400
1994;Grävling;T;800
1994;Rådjur;T;8000
1994;Gräsand;T;1300
1994;Kricka;T;50
1994;Järpe;T;40
1994;Orre;T;700
1994;Tjäder;T;400
1994;Morkulla;T;700
1994;Nötskrika;T;1200
1994;Skogshare;U;1100
1994;Bäver;U;10
1994;Rödräv;U;1500
1994;Mink;U;600
1994;Mård;U;200
1994;Grävling;U;1200
1994;Rådjur;U;11100
1994;Gräsand;U;1000
1994;Kricka;U;50
1994;Järpe;U;40
1994;Orre;U;100
1994;Tjäder;U;70
1994;Morkulla;U;600
1994;Nötskrika;U;400
1994;Skogshare;W;4400
1994;Bäver;W;700
1994;Rödräv;W;3100
1994;Mink;W;1000
1994;Mård;W;600
1994;Grävling;W;1100
1994;Rådjur;W;9100
1994;Gräsand;W;1100
1994;Kricka;W;60
1994;Järpe;W;300
1994;Orre;W;2200
1994;Tjäder;W;2100
1994;Morkulla;W;1300
1994;Nötskrika;W;1700
1994;Skogshare;X;4900
1994;Bäver;X;100
1994;Rödräv;X;2300
1994;Mink;X;1900
1994;Mård;X;800
1994;Grävling;X;2300
1994;Rådjur;X;8100
1994;Gräsand;X;1700
1994;Kricka;X;10
1994;Järpe;X;800
1994;Orre;X;2300
1994;Tjäder;X;2200
1994;Morkulla;X;1000
1994;Nötskrika;X;1400
1994;Skogshare;Y;4000
1994;Bäver;Y;800
1994;Rödräv;Y;1400
1994;Mink;Y;400
1994;Mård;Y;700
1994;Grävling;Y;900
1994;Rådjur;Y;1300
1994;Gräsand;Y;900
1994;Kricka;Y;20
1994;Järpe;Y;1000
1994;Orre;Y;2200
1994;Tjäder;Y;1800
1994;Morkulla;Y;1000
1994;Nötskrika;Y;400
1994;Skogshare;Z;4000
1994;Bäver;Z;1000
1994;Rödräv;Z;1500
1994;Mink;Z;1500
1994;Mård;Z;1000
1994;Grävling;Z;
1994;Rådjur;Z;1000
1994;Gräsand;Z;100
1994;Kricka;Z;
1994;Järpe;Z;1500
1994;Orre;Z;2500
1994;Tjäder;Z;3000
1994;Morkulla;Z;1500
1994;Nötskrika;Z;300
1994;Skogshare;AC;12200
1994;Bäver;AC;600
1994;Rödräv;AC;4500
1994;Mink;AC;1600
1994;Mård;AC;1200
1994;Grävling;AC;500
1994;Rådjur;AC;1000
1994;Gräsand;AC;5200
1994;Kricka;AC;1400
1994;Järpe;AC;6900
1994;Orre;AC;13100
1994;Tjäder;AC;7400
1994;Morkulla;AC;500
1994;Nötskrika;AC;1300
1994;Skogshare;BD;17600
1994;Bäver;BD;
1994;Rödräv;BD;3400
1994;Mink;BD;3600
1994;Mård;BD;1100
1994;Grävling;BD;60
1994;Rådjur;BD;400
1994;Gräsand;BD;6700
1994;Kricka;BD;1600
1994;Järpe;BD;10800
1994;Orre;BD;13900
1994;Tjäder;BD;9800
1994;Morkulla;BD;600
1994;Nötskrika;BD;1100